bom_id,bom_version,parent_type,parent_id,parent_code,child_type,child_id,child_code,child_name,relationship_type,sequence,line_number,quantity,unit,child_quantity,child_unit,base_quantity,effective_date,expiry_date,bom_category,assembly_set,issue_method,scrap_rate,created_by,created_date,status,alt_priority,alt_group_no,parent_material_code
BOM000001,V2.0,Product,P0001,UAV-XF-BASIC,Material,M0001,ASSY-BODY-PLA-01,入门塑料机身总成,Standard,1,10,1.0,套,1.0,套,1,2024-01-01,9999-12-31,Consumer,是,按订单发料,0.0,System,2024-01-01,Active,0,,UAV-XF-BASIC
BOM000002,V2.0,Product,P0001,UAV-XF-BASIC,Material,M0002,ASSY-FC-BASIC,基础飞控总成,Standard,2,20,1.0,套,1.0,套,1,2024-01-01,9999-12-31,Consumer,是,按订单发料,0.0,System,2024-01-01,Active,0,,UAV-XF-BASIC
BOM000003,V2.0,Product,P0001,UAV-XF-BASIC,Material,M0003,PART-CAM-FIX-12MP,1200万像素固定相机,Standard,3,30,1.0,个,1.0,个,1,2024-01-01,9999-12-31,Consumer,是,按订单发料,0.01,System,2024-01-01,Active,0,,UAV-XF-BASIC
BOM000004,V2.0,Product,P0001,UAV-XF-BASIC,Material,M0004,ASSY-PWR-STD,标准动力系统总成,Standard,4,40,1.0,套,1.0,套,1,2024-01-01,9999-12-31,Consumer,是,按订单发料,0.0,System,2024-01-01,Active,0,,UAV-XF-BASIC
BOM000005,V2.0,Product,P0001,UAV-XF-BASIC,Material,M0005,PART-BAT-2S-3000,标准智能电池2S3000mAh,Standard,5,50,1.0,块,1.0,块,1,2024-01-01,9999-12-31,Consumer,是,按订单发料,0.03,System,2024-01-01,Active,0,,UAV-XF-BASIC
BOM000006,V2.0,Product,P0001,UAV-XF-BASIC,Material,M0006,PART-RC-BASIC,基础遥控器,Standard,6,60,1.0,个,1.0,个,1,2024-01-01,9999-12-31,Consumer,是,按订单发料,0.01,System,2024-01-01,Active,0,,UAV-XF-BASIC
BOM000007,V1.0,Product,P0002,UAV-XF-BASIC-PLUS,Material,M0001,ASSY-BODY-PLA-01,入门塑料机身总成,Standard,7,10,1.0,套,1.0,套,1,2024-01-01,9999-12-31,Consumer,是,按订单发料,0.0,System,2024-01-01,Active,0,,UAV-XF-BASIC-PLUS
BOM000008,V1.0,Product,P0002,UAV-XF-BASIC-PLUS,Material,M0002,ASSY-FC-BASIC,基础飞控总成,Standard,8,20,1.0,套,1.0,套,1,2024-01-01,9999-12-31,Consumer,是,按订单发料,0.0,System,2024-01-01,Active,0,,UAV-XF-BASIC-PLUS
BOM000009,V1.0,Product,P0002,UAV-XF-BASIC-PLUS,Material,M0007,PART-CAM-FIX-20MP,2000万像素固定相机,Standard,9,30,1.0,个,1.0,个,1,2024-01-01,9999-12-31,Consumer,是,按订单发料,0.01,System,2024-01-01,Active,0,,UAV-XF-BASIC-PLUS
BOM000010,V1.0,Product,P0002,UAV-XF-BASIC-PLUS,Material,M0004,ASSY-PWR-STD,标准动力系统总成,Standard,10,40,1.0,套,1.0,套,1,2024-01-01,9999-12-31,Consumer,是,按订单发料,0.0,System,2024-01-01,Active,0,,UAV-XF-BASIC-PLUS
BOM000011,V1.0,Product,P0002,UAV-XF-BASIC-PLUS,Material,M0008,PART-BAT-3S-4000,增强智能电池3S4000mAh,Standard,11,50,1.0,块,1.0,块,1,2024-01-01,9999-12-31,Consumer,是,按订单发料,0.03,System,2024-01-01,Active,0,,UAV-XF-BASIC-PLUS
BOM000012,V1.0,Product,P0002,UAV-XF-BASIC-PLUS,Material,M0009,PART-RC-ADV,高级遥控器,Standard,12,60,1.0,个,1.0,个,1,2024-01-01,9999-12-31,Consumer,是,按订单发料,0.01,System,2024-01-01,Active,0,,UAV-XF-BASIC-PLUS
BOM000013,V1.0,Product,P0003,UAV-XF-PRO-A,Material,M0010,ASSY-BODY-CF-01,碳纤维机身总成,Standard,13,10,1.0,套,1.0,套,1,2024-01-01,9999-12-31,Professional,是,按订单发料,0.0,System,2024-01-01,Active,0,,UAV-XF-PRO-A
BOM000014,V1.0,Product,P0003,UAV-XF-PRO-A,Material,M0011,ASSY-FC-ADV,高级飞控总成,Standard,14,20,1.0,套,1.0,套,1,2024-01-01,9999-12-31,Professional,是,按订单发料,0.0,System,2024-01-01,Active,0,,UAV-XF-PRO-A
BOM000015,V1.0,Product,P0003,UAV-XF-PRO-A,Material,M0012,PART-CAM-GIMBAL-1INCH,1英寸三轴云台相机,Standard,15,30,1.0,套,1.0,套,1,2024-01-01,9999-12-31,Professional,是,按订单发料,0.01,System,2024-01-01,Active,0,,UAV-XF-PRO-A
BOM000016,V1.0,Product,P0003,UAV-XF-PRO-A,Material,M0013,ASSY-PWR-EFF,高效动力系统总成,Standard,16,40,1.0,套,1.0,套,1,2024-01-01,9999-12-31,Professional,是,按订单发料,0.0,System,2024-01-01,Active,0,,UAV-XF-PRO-A
BOM000017,V1.0,Product,P0003,UAV-XF-PRO-A,Material,M0014,PART-BAT-4S-5200,高容智能电池4S5200mAh,Standard,17,50,1.0,块,1.0,块,1,2024-01-01,9999-12-31,Professional,是,按订单发料,0.01,System,2024-01-01,Active,0,,UAV-XF-PRO-A
BOM000018,V1.0,Product,P0003,UAV-XF-PRO-A,Material,M0015,PART-RC-PRO,专业遥控器,Standard,18,60,1.0,个,1.0,个,1,2024-01-01,9999-12-31,Professional,是,按订单发料,0.01,System,2024-01-01,Active,0,,UAV-XF-PRO-A
BOM000019,V1.0,Product,P0003,UAV-XF-PRO-A,Material,M0016,PART-AVOID-VISION,视觉避障系统,Standard,19,70,1.0,套,1.0,套,1,2024-01-01,9999-12-31,Professional,是,按订单发料,0.02,System,2024-01-01,Active,0,,UAV-XF-PRO-A
BOM000020,V1.1,Product,P0004,UAV-XF-PRO-B,Material,M0010,ASSY-BODY-CF-01,碳纤维机身总成,Standard,20,10,1.0,套,1.0,套,1,2024-01-01,9999-12-31,Professional,是,按订单发料,0.0,System,2024-01-01,Active,0,,UAV-XF-PRO-B
BOM000021,V1.1,Product,P0004,UAV-XF-PRO-B,Material,M0011,ASSY-FC-ADV,高级飞控总成,Standard,21,20,1.0,套,1.0,套,1,2024-01-01,9999-12-31,Professional,是,按订单发料,0.0,System,2024-01-01,Active,0,,UAV-XF-PRO-B
BOM000022,V1.1,Product,P0004,UAV-XF-PRO-B,Material,M0017,PART-CAM-ZOOM,变焦相机模组,Standard,22,30,1.0,套,1.0,套,1,2024-01-01,9999-12-31,Professional,是,按订单发料,0.01,System,2024-01-01,Active,0,,UAV-XF-PRO-B
BOM000023,V1.1,Product,P0004,UAV-XF-PRO-B,Material,M0013,ASSY-PWR-EFF,高效动力系统总成,Standard,23,40,1.0,套,1.0,套,1,2024-01-01,9999-12-31,Professional,是,按订单发料,0.0,System,2024-01-01,Active,0,,UAV-XF-PRO-B
BOM000024,V1.1,Product,P0004,UAV-XF-PRO-B,Material,M0014,PART-BAT-4S-5200,高容智能电池4S5200mAh,Standard,24,50,1.0,块,1.0,块,1,2024-01-01,9999-12-31,Professional,是,按订单发料,0.01,System,2024-01-01,Active,0,,UAV-XF-PRO-B
BOM000025,V1.1,Product,P0004,UAV-XF-PRO-B,Material,M0015,PART-RC-PRO,专业遥控器,Standard,25,60,1.0,个,1.0,个,1,2024-01-01,9999-12-31,Professional,是,按订单发料,0.01,System,2024-01-01,Active,0,,UAV-XF-PRO-B
BOM000026,V1.1,Product,P0004,UAV-XF-PRO-B,Material,M0018,PART-AVOID-ENHANCED,增强避障系统（视觉+红外）,Standard,26,70,1.0,套,1.0,套,1,2024-01-01,9999-12-31,Professional,是,按订单发料,0.03,System,2024-01-01,Active,0,,UAV-XF-PRO-B
BOM000027,V1.0,Product,P0005,UAV-XF-PRO-C,Material,M0010,ASSY-BODY-CF-01,碳纤维机身总成,Standard,27,10,1.0,套,1.0,套,1,2024-01-01,9999-12-31,Professional,是,按订单发料,0.0,System,2024-01-01,Active,0,,UAV-XF-PRO-C
BOM000028,V1.0,Product,P0005,UAV-XF-PRO-C,Material,M0011,ASSY-FC-ADV,高级飞控总成,Standard,28,20,1.0,套,1.0,套,1,2024-01-01,9999-12-31,Professional,是,按订单发料,0.0,System,2024-01-01,Active,0,,UAV-XF-PRO-C
BOM000029,V1.0,Product,P0005,UAV-XF-PRO-C,Material,M0019,VIRT-CAM-SEL,相机配置选择件,Standard,29,30,1.0,套,1.0,套,1,2024-01-01,9999-12-31,Professional,是,按订单发料,0.03,System,2024-01-01,Active,0,,UAV-XF-PRO-C
BOM000030,V1.0,Product,P0005,UAV-XF-PRO-C,Material,M0013,ASSY-PWR-EFF,高效动力系统总成,Standard,30,40,1.0,套,1.0,套,1,2024-01-01,9999-12-31,Professional,是,按订单发料,0.0,System,2024-01-01,Active,0,,UAV-XF-PRO-C
BOM000031,V1.0,Product,P0005,UAV-XF-PRO-C,Material,M0014,PART-BAT-4S-5200,高容智能电池4S5200mAh,Standard,31,50,1.0,块,1.0,块,1,2024-01-01,9999-12-31,Professional,是,按订单发料,0.03,System,2024-01-01,Active,0,,UAV-XF-PRO-C
BOM000032,V1.0,Product,P0005,UAV-XF-PRO-C,Material,M0015,PART-RC-PRO,专业遥控器,Standard,32,60,1.0,个,1.0,个,1,2024-01-01,9999-12-31,Professional,是,按订单发料,0.01,System,2024-01-01,Active,0,,UAV-XF-PRO-C
BOM000033,V1.0,Product,P0005,UAV-XF-PRO-C,Material,M0018,PART-AVOID-ENHANCED,增强避障系统（视觉+红外）,Standard,33,70,1.0,套,1.0,套,1,2024-01-01,9999-12-31,Professional,是,按订单发料,0.03,System,2024-01-01,Active,0,,UAV-XF-PRO-C
BOM000034,V2.0,Material,M0019,VIRT-CAM-SEL,Material,M0012,PART-CAM-GIMBAL-1INCH,1英寸三轴云台相机,Standard,34,10,1.0,套,1.0,套,1,2024-01-01,9999-12-31,Consumer,是,按订单发料,0.01,System,2024-01-01,Active,0,,VIRT-CAM-SEL
BOM000035,V1.0,Product,P0006,UAV-JF-ENT-AG,Material,M0020,ASSY-BODY-IND-01,工业级强化机身总成,Standard,35,10,1.0,套,1.0,套,1,2024-01-01,9999-12-31,Professional,是,按订单发料,0.0,System,2024-01-01,Active,0,,UAV-JF-ENT-AG
BOM000036,V1.0,Product,P0006,UAV-JF-ENT-AG,Material,M0021,ASSY-FC-RTK,RTK高精度飞控总成,Standard,36,20,1.0,套,1.0,套,1,2024-01-01,9999-12-31,Professional,是,按订单发料,0.0,System,2024-01-01,Active,0,,UAV-JF-ENT-AG
BOM000037,V1.0,Product,P0006,UAV-JF-ENT-AG,Material,M0022,PART-CAM-FPV,FPV图传相机,Standard,37,30,1.0,个,1.0,个,1,2024-01-01,9999-12-31,Professional,否,按订单发料,0.01,System,2024-01-01,Active,0,,UAV-JF-ENT-AG
BOM000038,V1.0,Product,P0006,UAV-JF-ENT-AG,Material,M0023,ASSY-PWR-TQ,高扭矩动力系统总成,Standard,38,40,1.0,套,1.0,套,1,2024-01-01,9999-12-31,Professional,是,按订单发料,0.0,System,2024-01-01,Active,0,,UAV-JF-ENT-AG
BOM000039,V1.0,Product,P0006,UAV-JF-ENT-AG,Material,M0024,ASSY-BAT-DUAL,双电池冗余系统,Standard,39,50,1.0,套,1.0,套,1,2024-01-01,9999-12-31,Professional,是,按订单发料,0.0,System,2024-01-01,Active,0,,UAV-JF-ENT-AG
BOM000040,V1.0,Product,P0006,UAV-JF-ENT-AG,Material,M0025,PART-RC-IND,工业遥控器,Standard,40,60,1.0,个,1.0,个,1,2024-01-01,9999-12-31,Professional,是,按订单发料,0.01,System,2024-01-01,Active,0,,UAV-JF-ENT-AG
BOM000041,V1.0,Product,P0006,UAV-JF-ENT-AG,Material,M0026,PART-SPRAYER-16L,16升智能喷洒系统,Standard,41,70,1.0,套,1.0,套,1,2024-01-01,9999-12-31,Professional,是,按订单发料,0.03,System,2024-01-01,Active,0,,UAV-JF-ENT-AG
BOM000042,V1.0,Product,P0006,UAV-JF-ENT-AG,Material,M0027,PART-RADAR-ALT,雷达测高仪,Standard,42,80,1.0,个,1.0,个,1,2024-01-01,9999-12-31,Professional,是,按订单发料,0.03,System,2024-01-01,Active,0,,UAV-JF-ENT-AG
BOM000043,V1.1,Product,P0007,UAV-JF-ENT-SV,Material,M0020,ASSY-BODY-IND-01,工业级强化机身总成,Standard,43,10,1.0,套,1.0,套,1,2024-01-01,9999-12-31,Professional,是,按订单发料,0.0,System,2024-01-01,Active,0,,UAV-JF-ENT-SV
BOM000044,V1.1,Product,P0007,UAV-JF-ENT-SV,Material,M0021,ASSY-FC-RTK,RTK高精度飞控总成,Standard,44,20,1.0,套,1.0,套,1,2024-01-01,9999-12-31,Professional,是,按订单发料,0.0,System,2024-01-01,Active,0,,UAV-JF-ENT-SV
BOM000045,V1.1,Product,P0007,UAV-JF-ENT-SV,Material,M0028,PART-CAM-SURVEY-42MP,4200万像素测绘相机,Standard,45,30,1.0,套,1.0,套,1,2024-01-01,9999-12-31,Professional,是,按订单发料,0.01,System,2024-01-01,Active,0,,UAV-JF-ENT-SV
BOM000046,V1.1,Product,P0007,UAV-JF-ENT-SV,Material,M0013,ASSY-PWR-EFF,高效动力系统总成,Standard,46,40,1.0,套,1.0,套,1,2024-01-01,9999-12-31,Professional,是,按订单发料,0.0,System,2024-01-01,Active,0,,UAV-JF-ENT-SV
BOM000047,V1.1,Product,P0007,UAV-JF-ENT-SV,Material,M0024,ASSY-BAT-DUAL,双电池冗余系统,Standard,47,50,1.0,套,1.0,套,1,2024-01-01,9999-12-31,Professional,是,按订单发料,0.0,System,2024-01-01,Active,0,,UAV-JF-ENT-SV
BOM000048,V1.1,Product,P0007,UAV-JF-ENT-SV,Material,M0025,PART-RC-IND,工业遥控器,Standard,48,60,1.0,个,1.0,个,1,2024-01-01,9999-12-31,Professional,是,按订单发料,0.01,System,2024-01-01,Active,0,,UAV-JF-ENT-SV
BOM000049,V1.1,Product,P0007,UAV-JF-ENT-SV,Material,M0029,PART-LIDAR,激光雷达模块,Standard,49,70,1.0,套,1.0,套,1,2024-01-01,9999-12-31,Professional,是,按订单发料,0.02,System,2024-01-01,Active,0,,UAV-JF-ENT-SV
BOM000050,V1.0,Product,P0008,UAV-JF-ENT-SC,Material,M0020,ASSY-BODY-IND-01,工业级强化机身总成,Standard,50,10,1.0,套,1.0,套,1,2024-01-01,9999-12-31,Professional,是,按订单发料,0.0,System,2024-01-01,Active,0,,UAV-JF-ENT-SC
BOM000051,V1.0,Product,P0008,UAV-JF-ENT-SC,Material,M0021,ASSY-FC-RTK,RTK高精度飞控总成,Standard,51,20,1.0,套,1.0,套,1,2024-01-01,9999-12-31,Professional,是,按订单发料,0.0,System,2024-01-01,Active,0,,UAV-JF-ENT-SC
BOM000052,V1.0,Product,P0008,UAV-JF-ENT-SC,Material,M0030,PART-CAM-THERMAL,红外热成像相机,Standard,52,30,1.0,套,1.0,套,1,2024-01-01,9999-12-31,Professional,是,按订单发料,0.01,System,2024-01-01,Active,0,,UAV-JF-ENT-SC
BOM000053,V1.0,Product,P0008,UAV-JF-ENT-SC,Material,M0031,PART-CAM-ZOOM-30X,30倍变焦可见光相机,Standard,53,40,1.0,套,1.0,套,1,2024-01-01,9999-12-31,Professional,是,按订单发料,0.01,System,2024-01-01,Active,0,,UAV-JF-ENT-SC
BOM000054,V1.0,Product,P0008,UAV-JF-ENT-SC,Material,M0013,ASSY-PWR-EFF,高效动力系统总成,Standard,54,50,1.0,套,1.0,套,1,2024-01-01,9999-12-31,Professional,是,按订单发料,0.0,System,2024-01-01,Active,0,,UAV-JF-ENT-SC
BOM000055,V1.0,Product,P0008,UAV-JF-ENT-SC,Material,M0024,ASSY-BAT-DUAL,双电池冗余系统,Standard,55,60,1.0,套,1.0,套,1,2024-01-01,9999-12-31,Professional,是,按订单发料,0.0,System,2024-01-01,Active,0,,UAV-JF-ENT-SC
BOM000056,V1.0,Product,P0008,UAV-JF-ENT-SC,Material,M0025,PART-RC-IND,工业遥控器,Standard,56,70,1.0,个,1.0,个,1,2024-01-01,9999-12-31,Professional,是,按订单发料,0.01,System,2024-01-01,Active,0,,UAV-JF-ENT-SC
BOM000057,V1.0,Product,P0008,UAV-JF-ENT-SC,Material,M0032,PART-SPOTLIGHT-50W,50W强光照明灯,Standard,57,80,1.0,个,1.0,个,1,2024-01-01,9999-12-31,Professional,否,按订单发料,0.01,System,2024-01-01,Active,0,,UAV-JF-ENT-SC
BOM000058,V1.1,Product,P0009,UAV-BF-IND-H20,Material,M0033,PART-FRAME-HEX-CF,六轴碳纤维机架,Standard,58,10,1.0,套,1.0,套,1,2024-01-01,9999-12-31,Industrial,是,按订单发料,0.01,System,2024-01-01,Active,0,,UAV-BF-IND-H20
BOM000059,V1.1,Product,P0009,UAV-BF-IND-H20,Material,M0021,ASSY-FC-RTK,RTK高精度飞控总成,Standard,59,20,1.0,套,1.0,套,1,2024-01-01,9999-12-31,Industrial,是,按订单发料,0.0,System,2024-01-01,Active,0,,UAV-BF-IND-H20
BOM000060,V1.1,Product,P0009,UAV-BF-IND-H20,Material,M0022,PART-CAM-FPV,FPV图传相机,Standard,60,30,1.0,个,1.0,个,1,2024-01-01,9999-12-31,Industrial,否,按订单发料,0.01,System,2024-01-01,Active,0,,UAV-BF-IND-H20
BOM000061,V1.1,Product,P0009,UAV-BF-IND-H20,Material,M0023,ASSY-PWR-TQ,高扭矩动力系统总成,Standard,61,40,1.0,套,1.0,套,1,2024-01-01,9999-12-31,Industrial,是,按订单发料,0.0,System,2024-01-01,Active,0,,UAV-BF-IND-H20
BOM000062,V1.1,Product,P0009,UAV-BF-IND-H20,Material,M0034,PART-BAT-12S-16000,12S16000mAh工业电池,Standard,62,50,2.0,块,2.0,块,1,2024-01-01,9999-12-31,Industrial,是,按订单发料,0.0,System,2024-01-01,Active,0,,UAV-BF-IND-H20
BOM000063,V1.1,Product,P0009,UAV-BF-IND-H20,Material,M0025,PART-RC-IND,工业遥控器,Standard,63,60,1.0,个,1.0,个,1,2024-01-01,9999-12-31,Industrial,是,按订单发料,0.01,System,2024-01-01,Active,0,,UAV-BF-IND-H20
BOM000064,V1.1,Product,P0009,UAV-BF-IND-H20,Material,M0035,PART-SPRAYER-20L,20升智能喷洒系统,Standard,64,70,1.0,套,1.0,套,1,2024-01-01,9999-12-31,Industrial,是,按订单发料,0.01,System,2024-01-01,Active,0,,UAV-BF-IND-H20
BOM000065,V1.1,Product,P0009,UAV-BF-IND-H20,Material,M0027,PART-RADAR-ALT,雷达测高仪,Standard,65,80,1.0,个,1.0,个,1,2024-01-01,9999-12-31,Industrial,是,按订单发料,0.03,System,2024-01-01,Active,0,,UAV-BF-IND-H20
BOM000066,V1.1,Product,P0010,UAV-BF-IND-H30,Material,M0036,PART-FRAME-HEX-CF-HD,六轴重载碳纤维机架,Standard,66,10,1.0,套,1.0,套,1,2024-01-01,9999-12-31,Industrial,是,按订单发料,0.0,System,2024-01-01,Active,0,,UAV-BF-IND-H30
BOM000067,V1.1,Product,P0010,UAV-BF-IND-H30,Material,M0021,ASSY-FC-RTK,RTK高精度飞控总成,Standard,67,20,1.0,套,1.0,套,1,2024-01-01,9999-12-31,Industrial,是,按订单发料,0.0,System,2024-01-01,Active,0,,UAV-BF-IND-H30
BOM000068,V1.1,Product,P0010,UAV-BF-IND-H30,Material,M0022,PART-CAM-FPV,FPV图传相机,Standard,68,30,1.0,个,1.0,个,1,2024-01-01,9999-12-31,Industrial,否,按订单发料,0.01,System,2024-01-01,Active,0,,UAV-BF-IND-H30
BOM000069,V1.1,Product,P0010,UAV-BF-IND-H30,Material,M0037,PART-MOTOR-5010-PRO,5010重载无刷电机,Standard,69,40,6.0,个,6.0,个,1,2024-01-01,9999-12-31,Industrial,是,按订单发料,0.03,System,2024-01-01,Active,0,,UAV-BF-IND-H30
BOM000070,V1.1,Product,P0010,UAV-BF-IND-H30,Material,M0038,PART-ESC-60A,60A电调,Standard,70,41,6.0,个,6.0,个,1,2024-01-01,9999-12-31,Industrial,是,按订单发料,0.0,System,2024-01-01,Active,0,,UAV-BF-IND-H30
BOM000071,V1.1,Product,P0010,UAV-BF-IND-H30,Material,M0039,PART-PROP-3016-CF,3016碳纤螺旋桨,Standard,71,42,6.0,副,12.0,片,1,2024-01-01,9999-12-31,Industrial,是,按订单发料,0.03,System,2024-01-01,Active,0,,UAV-BF-IND-H30
BOM000072,V1.1,Product,P0010,UAV-BF-IND-H30,Material,M0040,PART-BAT-12S-22000,12S22000mAh重载电池,Standard,72,50,2.0,块,2.0,块,1,2024-01-01,9999-12-31,Industrial,是,按订单发料,0.02,System,2024-01-01,Active,0,,UAV-BF-IND-H30
BOM000073,V1.1,Product,P0010,UAV-BF-IND-H30,Material,M0025,PART-RC-IND,工业遥控器,Standard,73,60,1.0,个,1.0,个,1,2024-01-01,9999-12-31,Industrial,是,按订单发料,0.01,System,2024-01-01,Active,0,,UAV-BF-IND-H30
BOM000074,V1.1,Product,P0010,UAV-BF-IND-H30,Material,M0041,PART-SPRAYER-30L,30升智能喷洒系统,Standard,74,70,1.0,套,1.0,套,1,2024-01-01,9999-12-31,Industrial,是,按订单发料,0.02,System,2024-01-01,Active,0,,UAV-BF-IND-H30
BOM000075,V1.1,Product,P0010,UAV-BF-IND-H30,Material,M0027,PART-RADAR-ALT,雷达测高仪,Standard,75,80,1.0,个,1.0,个,1,2024-01-01,9999-12-31,Industrial,是,按订单发料,0.03,System,2024-01-01,Active,0,,UAV-BF-IND-H30
BOM000076,V2.0,Material,M0001,ASSY-BODY-PLA-01,Material,M0042,COMP-FRAME-PLA,塑料机身框架,Standard,76,10,1.0,个,1.0,个,1,2024-01-01,9999-12-31,Consumer,否,按工序发料,0.03,System,2024-01-01,Active,0,,ASSY-BODY-PLA-01
BOM000077,V2.0,Material,M0001,ASSY-BODY-PLA-01,Material,M0043,COMP-COVER-PLA-UP,塑料上盖,Standard,77,20,1.0,个,1.0,个,1,2024-01-01,9999-12-31,Consumer,否,按工序发料,0.01,System,2024-01-01,Active,0,,ASSY-BODY-PLA-01
BOM000078,V2.0,Material,M0001,ASSY-BODY-PLA-01,Material,M0044,COMP-COVER-PLA-DN,塑料下盖,Standard,78,30,1.0,个,1.0,个,1,2024-01-01,9999-12-31,Consumer,否,按工序发料,0.01,System,2024-01-01,Active,0,,ASSY-BODY-PLA-01
BOM000079,V2.0,Material,M0001,ASSY-BODY-PLA-01,Material,M0045,COMP-LG-PLA,塑料起落架,Standard,79,40,4.0,个,4.0,个,1,2024-01-01,9999-12-31,Professional,否,按工序发料,0.03,System,2024-01-01,Active,0,,ASSY-BODY-PLA-01
BOM000080,V2.0,Material,M0001,ASSY-BODY-PLA-01,Material,M0046,PART-SCREW-M3-10,M3x10螺钉,Standard,80,50,24.0,颗,24.0,颗,1,2024-01-01,9999-12-31,Consumer,否,倒冲,0.0,System,2024-01-01,Active,0,,ASSY-BODY-PLA-01
BOM000081,V2.0,Material,M0001,ASSY-BODY-PLA-01,Material,M0047,PART-DAMPER-SOFT,减震球,Standard,81,60,4.0,个,4.0,个,1,2024-01-01,9999-12-31,Industrial,否,倒冲,0.01,System,2024-01-01,Active,0,,ASSY-BODY-PLA-01
BOM000082,V1.0,Material,M0010,ASSY-BODY-CF-01,Material,M0048,COMP-FRAME-CF,碳纤维机身框架,Standard,82,10,1.0,个,1.0,个,1,2024-01-01,9999-12-31,Consumer,否,按工序发料,0.01,System,2024-01-01,Active,0,,ASSY-BODY-CF-01
BOM000083,V1.0,Material,M0010,ASSY-BODY-CF-01,Material,M0049,COMP-ARM-CF-TUBE,碳纤维机臂管,Standard,83,20,4.0,根,4.0,根,1,2024-01-01,9999-12-31,Industrial,否,按工序发料,0.0,System,2024-01-01,Active,0,,ASSY-BODY-CF-01
BOM000084,V1.0,Material,M0010,ASSY-BODY-CF-01,Material,M0050,COMP-MOTOR-MOUNT-AL,铝合金电机座,Standard,84,30,4.0,个,4.0,个,1,2024-01-01,9999-12-31,Professional,否,按工序发料,0.01,System,2024-01-01,Active,0,,ASSY-BODY-CF-01
BOM000085,V1.0,Material,M0010,ASSY-BODY-CF-01,Material,M0051,COMP-LG-CF,碳纤维起落架,Standard,85,40,2.0,套,2.0,套,1,2024-01-01,9999-12-31,Consumer,否,按工序发料,0.0,System,2024-01-01,Active,0,,ASSY-BODY-CF-01
BOM000086,V1.0,Material,M0010,ASSY-BODY-CF-01,Material,M0052,PART-SCREW-M3-12,M3x12螺钉,Standard,86,50,32.0,颗,32.0,颗,1,2024-01-01,9999-12-31,Industrial,否,倒冲,0.03,System,2024-01-01,Active,0,,ASSY-BODY-CF-01
BOM000087,V1.0,Material,M0010,ASSY-BODY-CF-01,Material,M0053,PART-DAMPER-MED,中等硬度减震球,Standard,87,60,4.0,个,4.0,个,1,2024-01-01,9999-12-31,Industrial,否,倒冲,0.03,System,2024-01-01,Active,0,,ASSY-BODY-CF-01
BOM000088,V1.0,Material,M0020,ASSY-BODY-IND-01,Material,M0054,COMP-FRAME-CF-IND,工业级碳纤维框架,Standard,88,10,1.0,个,1.0,个,1,2024-01-01,9999-12-31,Industrial,否,按工序发料,0.03,System,2024-01-01,Active,0,,ASSY-BODY-IND-01
BOM000089,V1.0,Material,M0020,ASSY-BODY-IND-01,Material,M0055,COMP-ARM-CF-TUBE-HD,加强型碳纤维机臂,Standard,89,20,4.0,根,4.0,根,1,2024-01-01,9999-12-31,Industrial,否,按工序发料,0.0,System,2024-01-01,Active,0,,ASSY-BODY-IND-01
BOM000090,V1.0,Material,M0020,ASSY-BODY-IND-01,Material,M0056,COMP-MOTOR-MOUNT-AL-HD,重载铝合金电机座,Standard,90,30,4.0,个,4.0,个,1,2024-01-01,9999-12-31,Industrial,否,按工序发料,0.03,System,2024-01-01,Active,0,,ASSY-BODY-IND-01
BOM000091,V1.0,Material,M0020,ASSY-BODY-IND-01,Material,M0057,COMP-LG-AL-IND,工业铝合金起落架,Standard,91,40,2.0,套,2.0,套,1,2024-01-01,9999-12-31,Industrial,否,按工序发料,0.0,System,2024-01-01,Active,0,,ASSY-BODY-IND-01
BOM000092,V1.0,Material,M0020,ASSY-BODY-IND-01,Material,M0058,PART-SCREW-M4-16,M4x16螺钉,Standard,92,50,40.0,颗,40.0,颗,1,2024-01-01,9999-12-31,Industrial,否,倒冲,0.01,System,2024-01-01,Active,0,,ASSY-BODY-IND-01
BOM000093,V1.0,Material,M0020,ASSY-BODY-IND-01,Material,M0059,PART-DAMPER-HARD,硬质减震球,Standard,93,60,4.0,个,4.0,个,1,2024-01-01,9999-12-31,Industrial,否,倒冲,0.01,System,2024-01-01,Active,0,,ASSY-BODY-IND-01
BOM000094,V1.0,Material,M0002,ASSY-FC-BASIC,Material,M0060,COMP-FC-PCB-B1,基础飞控主板,Standard,94,10,1.0,块,1.0,块,1,2024-01-01,9999-12-31,Consumer,是,按订单发料,0.02,System,2024-01-01,Active,0,,ASSY-FC-BASIC
BOM000095,V1.0,Material,M0002,ASSY-FC-BASIC,Material,M0061,PART-IMU-MPU6050,MPU6050六轴传感器,Standard,95,20,1.0,颗,1.0,颗,1,2024-01-01,9999-12-31,Consumer,是,按工序发料,0.0,System,2024-01-01,Active,0,1,ASSY-FC-BASIC
BOM000096,V1.0,Material,M0002,ASSY-FC-BASIC,Material,M0062,PART-BARO-MS5611,MS5611气压计,Standard,96,30,1.0,颗,1.0,颗,1,2024-01-01,9999-12-31,Consumer,否,按工序发料,0.02,System,2024-01-01,Active,0,3,ASSY-FC-BASIC
BOM000097,V1.0,Material,M0002,ASSY-FC-BASIC,Material,M0063,PART-GNSS-UBLOX-M8N,uBlox M8N GPS模块,Standard,97,40,1.0,个,1.0,个,1,2024-01-01,9999-12-31,Consumer,是,按订单发料,0.01,System,2024-01-01,Active,0,2,ASSY-FC-BASIC
BOM000098,V1.0,Material,M0002,ASSY-FC-BASIC,Material,M0064,PART-COMPASS-QMC5883,QMC5883电子罗盘,Standard,98,50,1.0,颗,1.0,颗,1,2024-01-01,9999-12-31,Consumer,否,按工序发料,0.03,System,2024-01-01,Active,0,4,ASSY-FC-BASIC
BOM000099,V1.0,Material,M0002,ASSY-FC-BASIC,Material,M0065,COMP-FC-CASE-PLA,飞控塑料外壳,Standard,99,60,1.0,套,1.0,套,1,2024-01-01,9999-12-31,Consumer,否,按工序发料,0.0,System,2024-01-01,Active,0,,ASSY-FC-BASIC
BOM000100,V1.1,Material,M0011,ASSY-FC-ADV,Material,M0066,COMP-FC-PCB-A1,高级飞控主板,Standard,100,10,1.0,块,1.0,块,1,2024-01-01,9999-12-31,Professional,是,按订单发料,0.0,System,2024-01-01,Active,0,,ASSY-FC-ADV
BOM000101,V1.1,Material,M0011,ASSY-FC-ADV,Material,M0067,PART-IMU-ICM20689,ICM20689高精度IMU,Standard,101,20,2.0,颗,2.0,颗,1,2024-01-01,9999-12-31,Professional,是,按工序发料,0.0,System,2024-01-01,Active,0,,ASSY-FC-ADV
BOM000102,V1.1,Material,M0011,ASSY-FC-ADV,Material,M0068,PART-BARO-DPS310,DPS310高精度气压计,Standard,102,30,1.0,颗,1.0,颗,1,2024-01-01,9999-12-31,Professional,否,按工序发料,0.01,System,2024-01-01,Active,0,,ASSY-FC-ADV
BOM000103,V1.1,Material,M0011,ASSY-FC-ADV,Material,M0069,PART-GNSS-UBLOX-M9N,uBlox M9N多频GPS,Standard,103,40,1.0,个,1.0,个,1,2024-01-01,9999-12-31,Industrial,是,按订单发料,0.01,System,2024-01-01,Active,0,,ASSY-FC-ADV
BOM000104,V1.1,Material,M0011,ASSY-FC-ADV,Material,M0070,PART-COMPASS-IST8310,IST8310三轴罗盘,Standard,104,50,1.0,颗,1.0,颗,1,2024-01-01,9999-12-31,Consumer,否,按工序发料,0.0,System,2024-01-01,Active,0,,ASSY-FC-ADV
BOM000105,V1.1,Material,M0011,ASSY-FC-ADV,Material,M0071,COMP-FC-CASE-AL,飞控铝合金外壳,Standard,105,60,1.0,套,1.0,套,1,2024-01-01,9999-12-31,Professional,否,按工序发料,0.03,System,2024-01-01,Active,0,,ASSY-FC-ADV
BOM000106,V2.0,Material,M0021,ASSY-FC-RTK,Material,M0072,COMP-FC-PCB-R1,RTK飞控主板,Standard,106,10,1.0,块,1.0,块,1,2024-01-01,9999-12-31,Consumer,是,按订单发料,0.0,System,2024-01-01,Active,0,,ASSY-FC-RTK
BOM000107,V2.0,Material,M0021,ASSY-FC-RTK,Material,M0073,PART-IMU-ADIS16505,ADIS16505工业级IMU,Standard,107,20,1.0,个,1.0,个,1,2024-01-01,9999-12-31,Industrial,是,按订单发料,0.01,System,2024-01-01,Active,0,,ASSY-FC-RTK
BOM000108,V2.0,Material,M0021,ASSY-FC-RTK,Material,M0074,PART-GNSS-RTK-F9P,ZED-F9P RTK定位模块,Standard,108,30,1.0,个,1.0,个,1,2024-01-01,9999-12-31,Professional,是,按订单发料,0.0,System,2024-01-01,Active,0,,ASSY-FC-RTK
BOM000109,V2.0,Material,M0021,ASSY-FC-RTK,Material,M0075,PART-4G-MODULE,4G通信模块,Standard,109,40,1.0,个,1.0,个,1,2024-01-01,9999-12-31,Industrial,是,按订单发料,0.01,System,2024-01-01,Active,0,,ASSY-FC-RTK
BOM000110,V2.0,Material,M0021,ASSY-FC-RTK,Material,M0076,COMP-FC-CASE-AL-IND,工业级铝合金外壳,Standard,110,50,1.0,套,1.0,套,1,2024-01-01,9999-12-31,Industrial,否,按工序发料,0.02,System,2024-01-01,Active,0,,ASSY-FC-RTK
BOM000111,V2.0,Material,M0004,ASSY-PWR-STD,Material,M0077,PART-MOTOR-2212-920KV,2212 920KV无刷电机,Standard,111,10,4.0,个,4.0,个,1,2024-01-01,9999-12-31,Industrial,是,按订单发料,0.03,System,2024-01-01,Active,0,,ASSY-PWR-STD
BOM000112,V2.0,Material,M0004,ASSY-PWR-STD,Material,M0078,PART-ESC-30A,30A电调,Standard,112,20,4.0,个,4.0,个,1,2024-01-01,9999-12-31,Professional,是,按订单发料,0.01,System,2024-01-01,Active,0,,ASSY-PWR-STD
BOM000113,V2.0,Material,M0004,ASSY-PWR-STD,Material,M0079,PART-PROP-9045,9045塑料螺旋桨,Standard,113,30,4.0,副,8.0,片,1,2024-01-01,9999-12-31,Industrial,是,按订单发料,0.02,System,2024-01-01,Active,0,,ASSY-PWR-STD
BOM000114,V2.0,Material,M0004,ASSY-PWR-STD,Material,M0080,PART-CABLE-ESC,电调连接线,Standard,114,40,4.0,根,4.0,根,1,2024-01-01,9999-12-31,Professional,否,倒冲,0.01,System,2024-01-01,Active,0,,ASSY-PWR-STD
BOM000115,V1.0,Material,M0013,ASSY-PWR-EFF,Material,M0081,PART-MOTOR-2312-960KV,2312 960KV高效电机,Standard,115,10,4.0,个,4.0,个,1,2024-01-01,9999-12-31,Consumer,是,按订单发料,0.01,System,2024-01-01,Active,0,,ASSY-PWR-EFF
BOM000116,V1.0,Material,M0013,ASSY-PWR-EFF,Material,M0082,PART-ESC-40A,40A电调,Standard,116,20,4.0,个,4.0,个,1,2024-01-01,9999-12-31,Industrial,是,按订单发料,0.01,System,2024-01-01,Active,0,,ASSY-PWR-EFF
BOM000117,V1.0,Material,M0013,ASSY-PWR-EFF,Material,M0083,PART-PROP-9450-CF,9450碳纤维螺旋桨,Standard,117,30,4.0,副,8.0,片,1,2024-01-01,9999-12-31,Industrial,是,按订单发料,0.01,System,2024-01-01,Active,0,,ASSY-PWR-EFF
BOM000118,V1.0,Material,M0013,ASSY-PWR-EFF,Material,M0084,PART-CABLE-ESC-SIL,硅胶电调线,Standard,118,40,4.0,根,4.0,根,1,2024-01-01,9999-12-31,Consumer,否,倒冲,0.03,System,2024-01-01,Active,0,,ASSY-PWR-EFF
BOM000119,V2.0,Material,M0023,ASSY-PWR-TQ,Material,M0085,PART-MOTOR-4114-400KV,4114 400KV高扭矩电机,Standard,119,10,6.0,个,6.0,个,1,2024-01-01,9999-12-31,Industrial,是,按订单发料,0.02,System,2024-01-01,Active,0,,ASSY-PWR-TQ
BOM000120,V2.0,Material,M0023,ASSY-PWR-TQ,Material,M0086,PART-ESC-50A-FOC,50A FOC电调,Standard,120,20,6.0,个,6.0,个,1,2024-01-01,9999-12-31,Industrial,是,按订单发料,0.01,System,2024-01-01,Active,0,,ASSY-PWR-TQ
BOM000121,V2.0,Material,M0023,ASSY-PWR-TQ,Material,M0087,PART-PROP-1755-CF,1755碳纤维螺旋桨,Standard,121,30,6.0,副,12.0,片,1,2024-01-01,9999-12-31,Professional,是,按订单发料,0.01,System,2024-01-01,Active,0,,ASSY-PWR-TQ
BOM000122,V2.0,Material,M0023,ASSY-PWR-TQ,Material,M0088,PART-CABLE-ESC-HD,加强型电调线,Standard,122,40,6.0,根,6.0,根,1,2024-01-01,9999-12-31,Consumer,否,倒冲,0.01,System,2024-01-01,Active,0,,ASSY-PWR-TQ
BOM000123,V1.1,Material,M0024,ASSY-BAT-DUAL,Material,M0089,PART-BAT-6S-10000,6S10000mAh智能电池,Standard,123,10,2.0,块,2.0,块,1,2024-01-01,9999-12-31,Professional,是,按订单发料,0.02,System,2024-01-01,Active,0,,ASSY-BAT-DUAL
BOM000124,V1.1,Material,M0024,ASSY-BAT-DUAL,Material,M0090,COMP-BAT-MANAGER,双电池管理模块,Standard,124,20,1.0,块,1.0,块,1,2024-01-01,9999-12-31,Industrial,是,按订单发料,0.0,System,2024-01-01,Active,0,,ASSY-BAT-DUAL
BOM000125,V1.1,Material,M0024,ASSY-BAT-DUAL,Material,M0091,COMP-BAT-MOUNT,电池固定架,Standard,125,30,1.0,套,1.0,套,1,2024-01-01,9999-12-31,Industrial,否,按工序发料,0.01,System,2024-01-01,Active,0,,ASSY-BAT-DUAL
BOM000126,V1.1,Material,M0060,COMP-FC-PCB-B1,Material,M0092,PART-MCU-STM32F427,STM32F427主控芯片,Standard,126,10,1.0,颗,1.0,颗,1,2024-01-01,9999-12-31,Industrial,是,按工序发料,0.02,System,2024-01-01,Active,0,,COMP-FC-PCB-B1
BOM000127,V1.1,Material,M0060,COMP-FC-PCB-B1,Material,M0093,PART-PCB-FC-4L,4层飞控PCB板,Standard,127,20,1.0,块,1.0,块,1,2024-01-01,9999-12-31,Industrial,是,按工序发料,0.02,System,2024-01-01,Active,0,,COMP-FC-PCB-B1
BOM000128,V1.1,Material,M0060,COMP-FC-PCB-B1,Material,M0094,PART-CRYSTAL-8M,8MHz晶振,Standard,128,30,1.0,颗,1.0,颗,1,2024-01-01,9999-12-31,Consumer,否,倒冲,0.01,System,2024-01-01,Active,0,,COMP-FC-PCB-B1
BOM000129,V1.1,Material,M0060,COMP-FC-PCB-B1,Material,M0095,PART-CRYSTAL-32K,32.768KHz晶振,Standard,129,40,1.0,颗,1.0,颗,1,2024-01-01,9999-12-31,Professional,否,倒冲,0.03,System,2024-01-01,Active,0,,COMP-FC-PCB-B1
BOM000130,V1.1,Material,M0060,COMP-FC-PCB-B1,Material,M0096,PART-POWER-REG-5V,5V稳压芯片,Standard,130,50,2.0,颗,2.0,颗,1,2024-01-01,9999-12-31,Consumer,否,倒冲,0.03,System,2024-01-01,Active,0,,COMP-FC-PCB-B1
BOM000131,V1.1,Material,M0060,COMP-FC-PCB-B1,Material,M0097,PART-POWER-REG-3.3V,3.3V稳压芯片,Standard,131,60,2.0,颗,2.0,颗,1,2024-01-01,9999-12-31,Professional,否,倒冲,0.01,System,2024-01-01,Active,0,,COMP-FC-PCB-B1
BOM000132,V1.1,Material,M0060,COMP-FC-PCB-B1,Material,M0098,PART-CONN-DF13-6P,DF13 6PIN连接器,Standard,132,70,4.0,个,4.0,个,1,2024-01-01,9999-12-31,Industrial,否,倒冲,0.02,System,2024-01-01,Active,0,,COMP-FC-PCB-B1
BOM000133,V1.1,Material,M0060,COMP-FC-PCB-B1,Material,M0099,PART-RES-SMD-0402,0402贴片电阻,Standard,133,80,80.0,颗,80.0,颗,1,2024-01-01,9999-12-31,Professional,否,倒冲,0.02,System,2024-01-01,Active,0,,COMP-FC-PCB-B1
BOM000134,V1.1,Material,M0060,COMP-FC-PCB-B1,Material,M0100,PART-CAP-SMD-0402,0402贴片电容,Standard,134,90,60.0,颗,60.0,颗,1,2024-01-01,9999-12-31,Consumer,否,倒冲,0.01,System,2024-01-01,Active,0,,COMP-FC-PCB-B1
BOM000135,V1.0,Material,M0066,COMP-FC-PCB-A1,Material,M0101,PART-MCU-STM32H743,STM32H743高性能芯片,Standard,135,10,1.0,颗,1.0,颗,1,2024-01-01,9999-12-31,Industrial,是,按工序发料,0.01,System,2024-01-01,Active,0,,COMP-FC-PCB-A1
BOM000136,V1.0,Material,M0066,COMP-FC-PCB-A1,Material,M0102,PART-PCB-FC-6L,6层飞控PCB板,Standard,136,20,1.0,块,1.0,块,1,2024-01-01,9999-12-31,Industrial,是,按工序发料,0.03,System,2024-01-01,Active,0,,COMP-FC-PCB-A1
BOM000137,V1.0,Material,M0066,COMP-FC-PCB-A1,Material,M0103,PART-CRYSTAL-25M,25MHz晶振,Standard,137,30,1.0,颗,1.0,颗,1,2024-01-01,9999-12-31,Consumer,否,倒冲,0.01,System,2024-01-01,Active,0,,COMP-FC-PCB-A1
BOM000138,V1.0,Material,M0066,COMP-FC-PCB-A1,Material,M0104,PART-POWER-REG-5V-3A,5V 3A稳压模块,Standard,138,40,1.0,颗,1.0,颗,1,2024-01-01,9999-12-31,Consumer,否,倒冲,0.02,System,2024-01-01,Active,0,,COMP-FC-PCB-A1
BOM000139,V1.0,Material,M0066,COMP-FC-PCB-A1,Material,M0105,PART-CONN-GH-1.25-6P,GH1.25 6PIN连接器,Standard,139,50,6.0,个,6.0,个,1,2024-01-01,9999-12-31,Industrial,否,倒冲,0.02,System,2024-01-01,Active,0,,COMP-FC-PCB-A1
BOM000140,V1.0,Material,M0066,COMP-FC-PCB-A1,Material,M0106,PART-RES-SMD-0201,0201贴片电阻,Standard,140,60,120.0,颗,120.0,颗,1,2024-01-01,9999-12-31,Professional,否,倒冲,0.0,System,2024-01-01,Active,0,,COMP-FC-PCB-A1
BOM000141,V1.0,Material,M0066,COMP-FC-PCB-A1,Material,M0107,PART-CAP-SMD-0201,0201贴片电容,Standard,141,70,100.0,颗,100.0,颗,1,2024-01-01,9999-12-31,Professional,否,倒冲,0.02,System,2024-01-01,Active,0,,COMP-FC-PCB-A1
BOM000142,V1.1,Material,M0072,COMP-FC-PCB-R1,Material,M0108,PART-MCU-STM32H753,STM32H753双核芯片,Standard,142,10,1.0,颗,1.0,颗,1,2024-01-01,9999-12-31,Professional,是,按工序发料,0.03,System,2024-01-01,Active,0,,COMP-FC-PCB-R1
BOM000143,V1.1,Material,M0072,COMP-FC-PCB-R1,Material,M0109,PART-PCB-FC-8L,8层飞控PCB板,Standard,143,20,1.0,块,1.0,块,1,2024-01-01,9999-12-31,Industrial,是,按工序发料,0.0,System,2024-01-01,Active,0,,COMP-FC-PCB-R1
BOM000144,V1.1,Material,M0072,COMP-FC-PCB-R1,Material,M0110,PART-FPGA-ICE40,ICE40 FPGA,Standard,144,30,1.0,颗,1.0,颗,1,2024-01-01,9999-12-31,Consumer,是,按工序发料,0.01,System,2024-01-01,Active,0,,COMP-FC-PCB-R1
BOM000145,V1.1,Material,M0072,COMP-FC-PCB-R1,Material,M0111,PART-CONN-GH-1.25-10P,GH1.25 10PIN连接器,Standard,145,40,4.0,个,4.0,个,1,2024-01-01,9999-12-31,Professional,否,倒冲,0.01,System,2024-01-01,Active,0,,COMP-FC-PCB-R1
BOM000146,V1.0,Material,M0042,COMP-FRAME-PLA,Material,M0112,RAW-ABS-PELLET,ABS塑料粒子,Standard,146,10,0.15,千克,150.0,克,1,2024-01-01,9999-12-31,Industrial,否,倒冲,0.01,System,2024-01-01,Active,0,,COMP-FRAME-PLA
BOM000147,V2.0,Material,M0048,COMP-FRAME-CF,Material,M0113,RAW-CF-PLATE-3MM,3mm碳纤维板,Standard,147,10,0.3,平米,3000.0,平方厘米,1,2024-01-01,9999-12-31,Industrial,否,倒冲,0.01,System,2024-01-01,Active,0,,COMP-FRAME-CF
BOM000148,V2.0,Material,M0048,COMP-FRAME-CF,Material,M0114,PART-SCREW-M2.5-8,M2.5x8螺钉,Standard,148,20,16.0,颗,16.0,颗,1,2024-01-01,9999-12-31,Consumer,否,倒冲,0.03,System,2024-01-01,Active,0,,COMP-FRAME-CF
BOM000149,V2.0,Material,M0049,COMP-ARM-CF-TUBE,Material,M0115,RAW-CF-TUBE-16MM,16mm碳纤维管,Standard,149,10,0.5,米,50.0,厘米,1,2024-01-01,9999-12-31,Industrial,否,倒冲,0.0,System,2024-01-01,Active,0,,COMP-ARM-CF-TUBE
BOM000150,V1.0,Material,M0090,COMP-BAT-MANAGER,Material,M0116,PART-PCB-2L,2层PCB板,Standard,150,10,1.0,块,1.0,块,1,2024-01-01,9999-12-31,Professional,否,按工序发料,0.02,System,2024-01-01,Active,0,,COMP-BAT-MANAGER
BOM000151,V1.0,Material,M0090,COMP-BAT-MANAGER,Material,M0117,PART-MOSFET-DUAL,双路MOSFET,Standard,151,20,2.0,颗,2.0,颗,1,2024-01-01,9999-12-31,Professional,否,倒冲,0.02,System,2024-01-01,Active,0,,COMP-BAT-MANAGER
BOM000152,V1.0,Material,M0090,COMP-BAT-MANAGER,Material,M0118,PART-MCU-STM32F103,STM32F103控制芯片,Standard,152,30,1.0,颗,1.0,颗,1,2024-01-01,9999-12-31,Professional,否,倒冲,0.03,System,2024-01-01,Active,0,,COMP-BAT-MANAGER
BOM000153,V1.1,Material,M0092,PART-MCU-STM32F427,Material,M0119,RAW-SI-WAFER-8IN,8英寸硅晶圆,Standard,153,10,0.00005,片,0.05,毫片,1,2024-01-01,9999-12-31,Consumer,否,倒冲,0.0,System,2024-01-01,Active,0,,PART-MCU-STM32F427
BOM000154,V1.0,Material,M0101,PART-MCU-STM32H743,Material,M0120,RAW-SI-WAFER-12IN,12英寸硅晶圆,Standard,154,10,0.00003,片,0.03,毫片,1,2024-01-01,9999-12-31,Professional,否,倒冲,0.03,System,2024-01-01,Active,0,,PART-MCU-STM32H743
BOM000155,V1.0,Material,M0108,PART-MCU-STM32H753,Material,M0120,RAW-SI-WAFER-12IN,12英寸硅晶圆,Standard,155,10,0.00003,片,0.03,毫片,1,2024-01-01,9999-12-31,Consumer,否,倒冲,0.0,System,2024-01-01,Active,0,,PART-MCU-STM32H753
BOM000156,V1.0,Material,M0077,PART-MOTOR-2212-920KV,Material,M0121,RAW-NEODYMIUM,钕铁硼磁性材料,Standard,156,10,0.015,千克,15.0,克,1,2024-01-01,9999-12-31,Industrial,否,倒冲,0.03,System,2024-01-01,Active,0,,PART-MOTOR-2212-920KV
BOM000157,V1.0,Material,M0077,PART-MOTOR-2212-920KV,Material,M0122,RAW-COPPER-WIRE,铜漆包线,Standard,157,20,0.05,千克,50.0,克,1,2024-01-01,9999-12-31,Industrial,否,倒冲,0.03,System,2024-01-01,Active,0,,PART-MOTOR-2212-920KV
BOM000158,V1.0,Material,M0077,PART-MOTOR-2212-920KV,Material,M0123,RAW-AL-ALLOY,铝合金材料,Standard,158,30,0.08,千克,80.0,克,1,2024-01-01,9999-12-31,Industrial,否,倒冲,0.03,System,2024-01-01,Active,0,,PART-MOTOR-2212-920KV
BOM000159,V2.0,Material,M0081,PART-MOTOR-2312-960KV,Material,M0121,RAW-NEODYMIUM,钕铁硼磁性材料,Standard,159,10,0.02,千克,20.0,克,1,2024-01-01,9999-12-31,Consumer,否,倒冲,0.03,System,2024-01-01,Active,0,,PART-MOTOR-2312-960KV
BOM000160,V2.0,Material,M0081,PART-MOTOR-2312-960KV,Material,M0122,RAW-COPPER-WIRE,铜漆包线,Standard,160,20,0.06,千克,60.0,克,1,2024-01-01,9999-12-31,Professional,否,倒冲,0.02,System,2024-01-01,Active,0,,PART-MOTOR-2312-960KV
BOM000161,V2.0,Material,M0081,PART-MOTOR-2312-960KV,Material,M0123,RAW-AL-ALLOY,铝合金材料,Standard,161,30,0.1,千克,100.0,克,1,2024-01-01,9999-12-31,Industrial,否,倒冲,0.01,System,2024-01-01,Active,0,,PART-MOTOR-2312-960KV
BOM000162,V2.0,Material,M0085,PART-MOTOR-4114-400KV,Material,M0121,RAW-NEODYMIUM,钕铁硼磁性材料,Standard,162,10,0.045,千克,45.0,克,1,2024-01-01,9999-12-31,Consumer,否,倒冲,0.03,System,2024-01-01,Active,0,,PART-MOTOR-4114-400KV
BOM000163,V2.0,Material,M0085,PART-MOTOR-4114-400KV,Material,M0122,RAW-COPPER-WIRE,铜漆包线,Standard,163,20,0.15,千克,150.0,克,1,2024-01-01,9999-12-31,Professional,否,倒冲,0.0,System,2024-01-01,Active,0,,PART-MOTOR-4114-400KV
BOM000164,V2.0,Material,M0085,PART-MOTOR-4114-400KV,Material,M0123,RAW-AL-ALLOY,铝合金材料,Standard,164,30,0.25,千克,250.0,克,1,2024-01-01,9999-12-31,Professional,否,倒冲,0.02,System,2024-01-01,Active,0,,PART-MOTOR-4114-400KV
BOM000165,V1.0,Material,M0005,PART-BAT-2S-3000,Material,M0124,RAW-LIPO-CELL,锂聚合物电芯,Standard,165,10,0.08,千克,80.0,克,1,2024-01-01,9999-12-31,Professional,否,倒冲,0.01,System,2024-01-01,Active,0,,PART-BAT-2S-3000
BOM000166,V1.0,Material,M0008,PART-BAT-3S-4000,Material,M0124,RAW-LIPO-CELL,锂聚合物电芯,Standard,166,10,0.12,千克,120.0,克,1,2024-01-01,9999-12-31,Professional,否,倒冲,0.02,System,2024-01-01,Active,0,,PART-BAT-3S-4000
BOM000167,V1.1,Material,M0014,PART-BAT-4S-5200,Material,M0124,RAW-LIPO-CELL,锂聚合物电芯,Standard,167,10,0.18,千克,180.0,克,1,2024-01-01,9999-12-31,Consumer,否,倒冲,0.02,System,2024-01-01,Active,0,,PART-BAT-4S-5200
BOM000168,V2.0,Material,M0089,PART-BAT-6S-10000,Material,M0124,RAW-LIPO-CELL,锂聚合物电芯,Standard,168,10,0.35,千克,350.0,克,1,2024-01-01,9999-12-31,Consumer,否,倒冲,0.01,System,2024-01-01,Active,0,,PART-BAT-6S-10000
BOM000169,V1.1,Material,M0034,PART-BAT-12S-16000,Material,M0124,RAW-LIPO-CELL,锂聚合物电芯,Standard,169,10,1.2,千克,1200.0,克,1,2024-01-01,9999-12-31,Professional,否,倒冲,0.02,System,2024-01-01,Active,0,,PART-BAT-12S-16000
BOM000170,V1.0,Material,M0040,PART-BAT-12S-22000,Material,M0124,RAW-LIPO-CELL,锂聚合物电芯,Standard,170,10,1.8,千克,1800.0,克,1,2024-01-01,9999-12-31,Professional,否,倒冲,0.02,System,2024-01-01,Active,0,,PART-BAT-12S-22000
BOM000171,V1.0,Material,M0093,PART-PCB-FC-4L,Material,M0125,RAW-FR4-CCL,FR4覆铜板,Standard,171,10,0.05,平米,500.0,平方厘米,1,2024-01-01,9999-12-31,Professional,否,倒冲,0.01,System,2024-01-01,Active,0,,PART-PCB-FC-4L
BOM000172,V2.0,Material,M0102,PART-PCB-FC-6L,Material,M0125,RAW-FR4-CCL,FR4覆铜板,Standard,172,10,0.06,平米,600.0,平方厘米,1,2024-01-01,9999-12-31,Professional,否,倒冲,0.01,System,2024-01-01,Active,0,,PART-PCB-FC-6L
BOM000173,V1.1,Material,M0109,PART-PCB-FC-8L,Material,M0125,RAW-FR4-CCL,FR4覆铜板,Standard,173,10,0.08,平米,800.0,平方厘米,1,2024-01-01,9999-12-31,Consumer,否,倒冲,0.0,System,2024-01-01,Active,0,,PART-PCB-FC-8L
BOM000174,V1.0,Material,M0002,ASSY-FC-BASIC,Material,M0067,PART-IMU-ICM20689,ICM20689高精度IMU,Standard,174,100,1.0,颗,1.0,颗,1,2024-01-01,9999-12-31,Consumer,是,按工序发料,0.0,System,2024-01-01,Active,1,1,ASSY-FC-BASIC
BOM000175,V1.0,Material,M0002,ASSY-FC-BASIC,Material,M0069,PART-GNSS-UBLOX-M9N,uBlox M9N多频GPS,Standard,175,110,1.0,个,1.0,个,1,2024-01-01,9999-12-31,Consumer,是,按订单发料,0.01,System,2024-01-01,Active,1,2,ASSY-FC-BASIC
BOM000176,V1.0,Material,M0002,ASSY-FC-BASIC,Material,M0068,PART-BARO-DPS310,DPS310高精度气压计,Standard,176,120,1.0,颗,1.0,颗,1,2024-01-01,9999-12-31,Consumer,否,按工序发料,0.02,System,2024-01-01,Active,1,3,ASSY-FC-BASIC
BOM000177,V1.0,Material,M0002,ASSY-FC-BASIC,Material,M0070,PART-COMPASS-IST8310,IST8310三轴罗盘,Standard,177,130,1.0,颗,1.0,颗,1,2024-01-01,9999-12-31,Consumer,否,按工序发料,0.03,System,2024-01-01,Active,1,4,ASSY-FC-BASIC
