"customer_id","customer_code","customer_name","customer_level","customer_type","industry_type","industry","primary_industry","secondary_industry","company_size","established_year","annual_revenue","city","province","address","contact_person","contact_phone","contact_email","is_named_customer","has_contract","created_date","status"
10001,CUST-10001,广州绿野农技技术有限公司,T3,SMB,农业,种植大户,农业,种植大户,小型,2011,193340000,北京市,北京市,北京市北京市,朱项目经理,"18269820594",contact@广州绿野农.com,否,否,"2023-01-01",Active
10002,CUST-10002,西安沃土植保科技有限公司,T2,Enterprise,农业,种植大户,农业,种植大户,中型,2018,70730000,重庆市,重庆市,重庆市重庆市,朱经理,"17786066793",contact@西安沃土植.com,否,是,"2023-01-01",Active
10003,CUST-10003,青岛田园农科有限公司,T2,Enterprise,农业,种植大户,农业,种植大户,小型,2017,13760000,沈阳市,辽宁省,辽宁省沈阳市,宋云,"13489747629",宋云@青岛田园农.com,是,是,"2023-01-01",Active
10004,CUST-10004,上海绿野农业服务有限公司,T3,Enterprise,农业,植保服务,农业,植保服务,大型,2011,480660000,苏州市,江苏省,江苏省苏州市,陈采购主管,"18976198296",contact@上海绿野农.com,否,是,"2023-01-01",Active
10005,CUST-10005,西安惠农农科科技有限公司,T1,Enterprise,农业,种植大户,农业,种植大户,中型,2014,346810000,株洲市,湖南省,湖南省株洲市,任洋洋,"19554340903",任洋洋@西安惠农农.com,是,是,"2023-01-01",Active
10006,CUST-10006,青岛农翼农技股份有限公司,T3,Enterprise,农业,农业合作社,农业,农业合作社,小型,2017,340190000,沈阳市,辽宁省,辽宁省沈阳市,周采购主管,"18229927269",contact@青岛农翼农.com,否,否,"2023-01-01",Active
10007,CUST-10007,长沙沃土农服股份有限公司,T1,Enterprise,农业,植保服务,农业,植保服务,大型,2021,414590000,宁波市,浙江省,浙江省宁波市,陈浩鑫,"13345824373",陈浩鑫@长沙沃土农.com,是,是,"2023-01-01",Active
10008,CUST-10008,南京绿野农资服务有限公司,T1,Enterprise,农业,农业合作社,农业,农业合作社,微型,2013,354390000,济南市,山东省,山东省济南市,张娜,"15876693898",张娜@南京绿野农.com,是,是,"2023-01-01",Active
10009,CUST-10009,长沙农兴农机服务有限公司,T3,Enterprise,农业,农业科技公司,农业,农业科技公司,中型,2011,64520000,西安市,陕西省,陕西省西安市,周部门经理,"18480424119",contact@长沙农兴农.com,否,否,"2023-01-01",Active
10010,CUST-10010,武汉农兴农业科技有限公司,T2,Enterprise,农业,农业科技公司,农业,农业科技公司,小型,2022,72610000,上海市,上海市,上海市上海市,吕颖颖,"15305718272",吕颖颖@武汉农兴农.com,是,是,"2023-01-01",Active
10011,CUST-10011,郑州农丰农机技术有限公司,T1,Enterprise,农业,植保服务,农业,植保服务,微型,2022,361660000,西安市,陕西省,陕西省西安市,邓涛辉,"13154318806",邓涛辉@郑州农丰农.com,是,是,"2023-01-01",Active
10012,CUST-10012,厦门绿洲农资科技有限公司,T3,SMB,农业,农场主,农业,农场主,微型,2017,316460000,北京市,北京市,北京市北京市,王经理,"15530613729",contact@厦门绿洲农.com,否,是,"2023-01-01",Active
10013,CUST-10013,沈阳农达农业有限公司,T3,Enterprise,农业,农业合作社,农业,农业合作社,微型,2012,125450000,重庆市,重庆市,重庆市重庆市,王波,"17333754555",王波@沈阳农达农.com,是,否,"2023-01-01",Active
10014,CUST-10014,深圳农达农机股份有限公司,T3,Enterprise,农业,农业合作社,农业,农业合作社,大型,2019,313460000,济南市,山东省,山东省济南市,马经理,"19670292350",contact@深圳农达农.com,否,是,"2023-01-01",Active
10015,CUST-10015,重庆绿地植保科技有限公司,T1,SMB,农业,农场主,农业,农场主,微型,2011,374340000,郑州市,河南省,河南省郑州市,肖涛娜,"15721609600",肖涛娜@重庆绿地植.com,是,是,"2023-01-01",Active
10016,CUST-10016,上海沃土农资技术有限公司,T2,SMB,农业,种植大户,农业,种植大户,小型,2014,134860000,襄阳市,湖北省,湖北省襄阳市,吴总监,"17356287095",contact@上海沃土农.com,否,是,"2023-01-01",Active
10017,CUST-10017,深圳沃土农资科技有限公司,T2,Enterprise,农业,植保服务,农业,植保服务,微型,2019,369960000,重庆市,重庆市,重庆市重庆市,杜刚阳,"13178663096",杜刚阳@深圳沃土农.com,是,是,"2023-01-01",Active
10018,CUST-10018,郑州绿洲农服技术有限公司,T2,SMB,农业,农业合作社,农业,农业合作社,小型,2012,288160000,重庆市,重庆市,重庆市重庆市,周娜,"19855420240",周娜@郑州绿洲农.com,是,是,"2023-01-01",Active
10019,CUST-10019,成都益农农机服务有限公司,T2,Enterprise,农业,种植大户,农业,种植大户,小型,2020,68880000,沈阳市,辽宁省,辽宁省沈阳市,徐项目经理,"15383968123",contact@成都益农农.com,否,是,"2023-01-01",Active
10020,CUST-10020,南京田园农科服务有限公司,T1,Enterprise,农业,种植大户,农业,种植大户,中型,2021,225710000,无锡市,江苏省,江苏省无锡市,黄艳,"15838194420",黄艳@南京田园农.com,是,是,"2023-01-01",Active
10021,CUST-10021,青岛沃土植保有限公司,T2,Enterprise,农业,农业合作社,农业,农业合作社,大型,2010,219590000,株洲市,湖南省,湖南省株洲市,曾芳强,"15784095277",曾芳强@青岛沃土植.com,是,是,"2023-01-01",Active
10022,CUST-10022,郑州绿洲农技股份有限公司,T3,Enterprise,农业,植保服务,农业,植保服务,大型,2023,242960000,北京市,北京市,北京市北京市,邓红鑫,"19693269304",邓红鑫@郑州绿洲农.com,是,是,"2023-01-01",Active
10023,CUST-10023,西安农兴农资科技有限公司,T1,SMB,农业,农场主,农业,农场主,中型,2020,68360000,重庆市,重庆市,重庆市重庆市,周霞伟,"17937643439",周霞伟@西安农兴农.com,是,是,"2023-01-01",Active
10024,CUST-10024,西安丰收农资技术有限公司,T2,SMB,农业,农场主,农业,农场主,中型,2022,117030000,郑州市,河南省,河南省郑州市,朱部门经理,"18126614158",contact@西安丰收农.com,否,是,"2023-01-01",Active
10025,CUST-10025,郑州绿洲农业服务有限公司,T1,Enterprise,农业,农业合作社,农业,农业合作社,中型,2022,460580000,沈阳市,辽宁省,辽宁省沈阳市,梁娟,"13510751046",梁娟@郑州绿洲农.com,是,是,"2023-01-01",Active
10026,CUST-10026,大连农兴植保有限公司,T3,Enterprise,农业,农业科技公司,农业,农业科技公司,小型,2023,150150000,宁波市,浙江省,浙江省宁波市,高总监,"15125409494",contact@大连农兴植.com,否,否,"2023-01-01",Active
10027,CUST-10027,郑州绿源植保技术有限公司,T3,Enterprise,农业,农业合作社,农业,农业合作社,微型,2020,352410000,南京市,江苏省,江苏省南京市,吴部门经理,"17129635852",contact@郑州绿源植.com,否,否,"2023-01-01",Active
10028,CUST-10028,杭州沃土农技股份有限公司,T1,Enterprise,农业,农业合作社,农业,农业合作社,小型,2016,398280000,上海市,上海市,上海市上海市,何波伟,"19224173718",何波伟@杭州沃土农.com,是,是,"2023-01-01",Active
10029,CUST-10029,青岛绿洲农技股份有限公司,T2,Enterprise,农业,农场主,农业,农场主,小型,2016,46850000,烟台市,山东省,山东省烟台市,何红明,"17769108025",何红明@青岛绿洲农.com,是,是,"2023-01-01",Active
10030,CUST-10030,长沙绿地农服技术有限公司,T2,SMB,农业,种植大户,农业,种植大户,小型,2020,268640000,厦门市,福建省,福建省厦门市,何采购主管,"17532074125",contact@长沙绿地农.com,否,是,"2023-01-01",Active
10031,CUST-10031,西安禾苗农科有限公司,T3,Enterprise,农业,农业科技公司,农业,农业科技公司,小型,2016,360090000,绍兴市,浙江省,浙江省绍兴市,刘总监,"13426283245",contact@西安禾苗农.com,否,是,"2023-01-01",Active
10032,CUST-10032,深圳丰收农资科技有限公司,T2,SMB,农业,农场主,农业,农场主,微型,2022,483310000,咸阳市,陕西省,陕西省咸阳市,于刚文,"15807435606",于刚文@深圳丰收农.com,是,是,"2023-01-01",Active
10033,CUST-10033,杭州大地农资有限公司,T1,Enterprise,农业,农业合作社,农业,农业合作社,中型,2022,131500000,上海市,上海市,上海市上海市,肖婷勇,"15126226563",肖婷勇@杭州大地农.com,是,是,"2023-01-01",Active
10034,CUST-10034,厦门田园农服有限公司,T1,Enterprise,农业,种植大户,农业,种植大户,中型,2021,457360000,咸阳市,陕西省,陕西省咸阳市,彭宁娜,"18630833445",彭宁娜@厦门田园农.com,是,是,"2023-01-01",Active
10035,CUST-10035,厦门绿源农科技术有限公司,T2,SMB,农业,农业科技公司,农业,农业科技公司,中型,2012,457070000,重庆市,重庆市,重庆市重庆市,苏阳宁,"19598806645",苏阳宁@厦门绿源农.com,是,是,"2023-01-01",Active
10036,CUST-10036,上海图达地理信息技术有限公司,T3,SMB,测绘,勘测设计,测绘,勘测设计,中型,2017,459400000,宁波市,浙江省,浙江省宁波市,胡部门经理,"17923450567",contact@上海图达地.com,否,是,"2023-01-01",Active
10037,CUST-10037,沈阳地信勘测工程有限公司,T2,Enterprise,测绘,工程测量,测绘,工程测量,小型,2011,380240000,福州市,福建省,福建省福州市,黄部门经理,"13434961542",contact@沈阳地信勘.com,否,是,"2023-01-01",Active
10038,CUST-10038,青岛空地测量有限公司,T2,Enterprise,测绘,工程测量,测绘,工程测量,大型,2019,453600000,宜昌市,湖北省,湖北省宜昌市,张采购主管,"15209415691",contact@青岛空地测.com,否,是,"2023-01-01",Active
10039,CUST-10039,厦门地测勘测工程有限公司,T3,Enterprise,测绘,地质勘探,测绘,地质勘探,小型,2018,281740000,长沙市,湖南省,湖南省长沙市,周经理,"17174041730",contact@厦门地测勘.com,否,是,"2023-01-01",Active
10040,CUST-10040,沈阳空间空间信息有限公司,T2,Enterprise,测绘,勘测设计,测绘,勘测设计,中型,2016,116430000,宜昌市,湖北省,湖北省宜昌市,韩军,"19798423334",韩军@沈阳空间空.com,是,是,"2023-01-01",Active
10041,CUST-10041,沈阳测量地理信息科技有限公司,T2,Enterprise,测绘,勘测设计,测绘,勘测设计,微型,2023,480080000,青岛市,山东省,山东省青岛市,刘采购主管,"19388187517",contact@沈阳测量地.com,否,是,"2023-01-01",Active
10042,CUST-10042,济南空信空间信息服务有限公司,T2,Enterprise,测绘,地质勘探,测绘,地质勘探,微型,2015,19800000,大连市,辽宁省,辽宁省大连市,杨建丽,"18448981305",杨建丽@济南空信空.com,是,是,"2023-01-01",Active
10043,CUST-10043,南京测控测绘科技有限公司,T1,Enterprise,测绘,地质勘探,测绘,地质勘探,大型,2018,126210000,无锡市,江苏省,江苏省无锡市,朱波勇,"13359154084",朱波勇@南京测控测.com,是,是,"2023-01-01",Active
10044,CUST-10044,西安测量测量科技有限公司,T3,Enterprise,测绘,勘测设计,测绘,勘测设计,微型,2022,12300000,沈阳市,辽宁省,辽宁省沈阳市,马采购主管,"13415933049",contact@西安测量测.com,否,否,"2023-01-01",Active
10045,CUST-10045,青岛精测地理信息服务有限公司,T1,Enterprise,测绘,地质勘探,测绘,地质勘探,小型,2016,489850000,绵阳市,四川省,四川省绵阳市,苏莉浩,"19455184454",苏莉浩@青岛精测地.com,是,是,"2023-01-01",Active
10046,CUST-10046,西安星图空间信息服务有限公司,T2,Enterprise,测绘,地理信息,测绘,地理信息,中型,2013,142800000,温州市,浙江省,浙江省温州市,罗磊雪,"18396889215",罗磊雪@西安星图空.com,是,是,"2023-01-01",Active
10047,CUST-10047,武汉精测勘测有限公司,T3,Enterprise,测绘,测绘服务,测绘,测绘服务,中型,2014,150080000,烟台市,山东省,山东省烟台市,何部门经理,"17292673892",contact@武汉精测勘.com,否,是,"2023-01-01",Active
10048,CUST-10048,天津图达勘测有限公司,T2,Enterprise,测绘,地理信息,测绘,地理信息,大型,2018,192450000,东莞市,广东省,广东省东莞市,高经理,"15784907325",contact@天津图达勘.com,否,是,"2023-01-01",Active
10049,CUST-10049,上海地理勘测有限公司,T3,Enterprise,测绘,地质勘探,测绘,地质勘探,微型,2017,289660000,哈尔滨市,黑龙江省,黑龙江省哈尔滨市,徐采购主管,"17297958983",contact@上海地理勘.com,否,否,"2023-01-01",Active
10050,CUST-10050,大连天图测控有限公司,T3,Enterprise,测绘,地质勘探,测绘,地质勘探,中型,2012,369860000,西安市,陕西省,陕西省西安市,彭娜玲,"17191462297",彭娜玲@大连天图测.com,是,是,"2023-01-01",Active
10051,CUST-10051,哈尔滨天图测量科技有限公司,T3,Enterprise,测绘,勘测设计,测绘,勘测设计,小型,2023,386690000,绍兴市,浙江省,浙江省绍兴市,任欣婷,"18427899537",任欣婷@哈尔滨天图.com,是,否,"2023-01-01",Active
10052,CUST-10052,郑州地景测控工程有限公司,T2,Enterprise,测绘,测绘服务,测绘,测绘服务,大型,2012,158190000,长沙市,湖南省,湖南省长沙市,丁阳静,"15692697161",丁阳静@郑州地景测.com,是,是,"2023-01-01",Active
10053,CUST-10053,厦门图新勘测服务有限公司,T1,Enterprise,测绘,地理信息,测绘,地理信息,中型,2014,464310000,咸阳市,陕西省,陕西省咸阳市,王琴欣,"17854827139",王琴欣@厦门图新勘.com,是,是,"2023-01-01",Active
10054,CUST-10054,南京地景勘测技术有限公司,T3,Enterprise,测绘,勘测设计,测绘,勘测设计,中型,2020,98640000,郑州市,河南省,河南省郑州市,胡琳,"17987588450",胡琳@南京地景勘.com,是,是,"2023-01-01",Active
10055,CUST-10055,郑州经纬空间信息有限公司,T1,Enterprise,测绘,勘测设计,测绘,勘测设计,大型,2017,452330000,厦门市,福建省,福建省厦门市,刘健欣,"17851333320",刘健欣@郑州经纬空.com,是,是,"2023-01-01",Active
10056,CUST-10056,成都测控地理信息工程有限公司,T2,Enterprise,测绘,测绘服务,测绘,测绘服务,小型,2010,60850000,北京市,北京市,北京市北京市,董强欣,"15824022357",董强欣@成都测控地.com,是,是,"2023-01-01",Active
10057,CUST-10057,青岛天图勘测工程有限公司,T3,Enterprise,测绘,地质勘探,测绘,地质勘探,中型,2017,341100000,北京市,北京市,北京市北京市,何采购主管,"18398668350",contact@青岛天图勘.com,否,是,"2023-01-01",Active
10058,CUST-10058,大连天图测绘有限公司,T1,Enterprise,测绘,勘测设计,测绘,勘测设计,小型,2015,440170000,咸阳市,陕西省,陕西省咸阳市,于峰强,"13272684373",于峰强@大连天图测.com,是,是,"2023-01-01",Active
10059,CUST-10059,杭州测控地理信息技术有限公司,T2,SMB,测绘,地质勘探,测绘,地质勘探,大型,2017,58710000,常州市,江苏省,江苏省常州市,赵项目经理,"17371011200",contact@杭州测控地.com,否,是,"2023-01-01",Active
10060,CUST-10060,南京星图测量服务有限公司,T2,Enterprise,测绘,地理信息,测绘,地理信息,微型,2016,36520000,襄阳市,湖北省,湖北省襄阳市,孙项目经理,"15656670062",contact@南京星图测.com,否,是,"2023-01-01",Active
10061,CUST-10061,沈阳经纬测量有限公司,T2,Enterprise,测绘,地理信息,测绘,地理信息,中型,2014,360930000,株洲市,湖南省,湖南省株洲市,杨项目经理,"15409268943",contact@沈阳经纬测.com,否,是,"2023-01-01",Active
10062,CUST-10062,南京地景测量技术有限公司,T2,SMB,测绘,地质勘探,测绘,地质勘探,中型,2021,104790000,上海市,上海市,上海市上海市,胡经理,"17691458887",contact@南京地景测.com,否,是,"2023-01-01",Active
10063,CUST-10063,哈尔滨天图空间信息工程有限公司,T1,Enterprise,测绘,勘测设计,测绘,勘测设计,小型,2018,463290000,上海市,上海市,上海市上海市,韩磊文,"17546129354",韩磊文@哈尔滨天图.com,是,是,"2023-01-01",Active
10064,CUST-10064,上海天地地理信息技术有限公司,T3,Enterprise,测绘,地质勘探,测绘,地质勘探,微型,2013,393800000,绍兴市,浙江省,浙江省绍兴市,孙经理,"19901325519",contact@上海天地地.com,否,是,"2023-01-01",Active
10065,CUST-10065,上海天图地理信息服务有限公司,T3,Enterprise,测绘,测绘服务,测绘,测绘服务,大型,2014,476820000,常州市,江苏省,江苏省常州市,马项目经理,"17999232921",contact@上海天图地.com,否,否,"2023-01-01",Active
10066,CUST-10066,大连视界传媒制作工作室,T2,Government,影视传媒,活动策划,影视传媒,活动策划,中型,2011,290490000,重庆市,重庆市,重庆市重庆市,罗项目经理,"17730900313",contact@大连视界传.com,否,是,"2023-01-01",Active
10067,CUST-10067,杭州光影时代影像工作室,T2,Enterprise,影视传媒,婚庆摄影,影视传媒,婚庆摄影,小型,2013,253110000,厦门市,福建省,福建省厦门市,罗采购主管,"18214518079",contact@杭州光影时.com,否,是,"2023-01-01",Active
10068,CUST-10068,重庆镜头影像文化有限公司,T1,Enterprise,影视传媒,婚庆摄影,影视传媒,婚庆摄影,小型,2010,371880000,南京市,江苏省,江苏省南京市,潘鹏琴,"13751124015",潘鹏琴@重庆镜头影.com,是,是,"2023-01-01",Active
10069,CUST-10069,郑州光影时代文化传媒有限公司,T3,Enterprise,影视传媒,广告公司,影视传媒,广告公司,中型,2020,125600000,重庆市,重庆市,重庆市重庆市,周项目经理,"19369108475",contact@郑州光影时.com,否,否,"2023-01-01",Active
10070,CUST-10070,西安视界传媒广告传媒有限公司,T3,Enterprise,影视传媒,影视制作,影视传媒,影视制作,小型,2022,289890000,长沙市,湖南省,湖南省长沙市,杨总监,"13722312633",contact@西安视界传.com,否,是,"2023-01-01",Active
10071,CUST-10071,长沙视界文化工作室,T2,Government,影视传媒,短视频制作,影视传媒,短视频制作,小型,2018,329850000,宁波市,浙江省,浙江省宁波市,林娟涛,"17991713190",林娟涛@长沙视界文.com,是,是,"2023-01-01",Active
10072,CUST-10072,郑州影立方制作传媒有限公司,T1,Enterprise,影视传媒,影视制作,影视传媒,影视制作,微型,2011,93240000,厦门市,福建省,福建省厦门市,彭鹏,"15826197069",彭鹏@郑州影立方.com,是,是,"2023-01-01",Active
10073,CUST-10073,哈尔滨视界传媒文化有限公司,T3,Enterprise,影视传媒,影视制作,影视传媒,影视制作,大型,2014,352640000,哈尔滨市,黑龙江省,黑龙江省哈尔滨市,徐部门经理,"13588322781",contact@哈尔滨视界.com,否,否,"2023-01-01",Active
10074,CUST-10074,大连镜头影视工作室,T2,Government,影视传媒,活动策划,影视传媒,活动策划,大型,2020,154230000,常州市,江苏省,江苏省常州市,赵部门经理,"18126870011",contact@大连镜头影.com,否,是,"2023-01-01",Active
10075,CUST-10075,广州镜像传媒广告有限公司,T2,Enterprise,影视传媒,广告公司,影视传媒,广告公司,大型,2020,305260000,德阳市,四川省,四川省德阳市,赵部门经理,"17797115550",contact@广州镜像传.com,否,是,"2023-01-01",Active
10076,CUST-10076,杭州视野制作传媒有限公司,T2,Enterprise,影视传媒,短视频制作,影视传媒,短视频制作,中型,2016,298290000,上海市,上海市,上海市上海市,张峰磊,"17819929088",张峰磊@杭州视野制.com,是,是,"2023-01-01",Active
10077,CUST-10077,深圳影像空间文化文化传播有限公司,T3,Enterprise,影视传媒,短视频制作,影视传媒,短视频制作,微型,2020,65890000,青岛市,山东省,山东省青岛市,高项目经理,"18761051532",contact@深圳影像空.com,否,是,"2023-01-01",Active
10078,CUST-10078,厦门影立方制作有限公司,T2,Enterprise,影视传媒,广告公司,影视传媒,广告公司,微型,2017,155730000,北京市,北京市,北京市北京市,赵部门经理,"17206681214",contact@厦门影立方.com,否,是,"2023-01-01",Active
10079,CUST-10079,天津光影工场广告文化传播有限公司,T3,Enterprise,影视传媒,影视制作,影视传媒,影视制作,小型,2013,81050000,重庆市,重庆市,重庆市重庆市,刘总监,"18198433586",contact@天津光影工.com,否,否,"2023-01-01",Active
10080,CUST-10080,哈尔滨光影工场影视文化有限公司,T3,Enterprise,影视传媒,影视制作,影视传媒,影视制作,中型,2012,371000000,郑州市,河南省,河南省郑州市,黄经理,"15173669588",contact@哈尔滨光影.com,否,否,"2023-01-01",Active
10081,CUST-10081,深圳影像制作文化传播有限公司,T3,Enterprise,影视传媒,广告公司,影视传媒,广告公司,中型,2022,391580000,郑州市,河南省,河南省郑州市,李项目经理,"13397721596",contact@深圳影像制.com,否,否,"2023-01-01",Active
10082,CUST-10082,西安影动广告有限公司,T3,Enterprise,影视传媒,广告公司,影视传媒,广告公司,小型,2022,156930000,长沙市,湖南省,湖南省长沙市,周涛磊,"19447646966",周涛磊@西安影动广.com,是,是,"2023-01-01",Active
10083,CUST-10083,广州光影时代传媒文化传播有限公司,T1,Enterprise,影视传媒,影视制作,影视传媒,影视制作,微型,2017,238260000,济南市,山东省,山东省济南市,何晨娟,"19737444033",何晨娟@广州光影时.com,是,是,"2023-01-01",Active
10084,CUST-10084,北京视界文化有限公司,T1,Enterprise,影视传媒,婚庆摄影,影视传媒,婚庆摄影,大型,2010,314900000,厦门市,福建省,福建省厦门市,肖婷伟,"18557707813",肖婷伟@北京视界文.com,是,是,"2023-01-01",Active
10085,CUST-10085,苏州光线文化工作室,T3,Enterprise,影视传媒,影视制作,影视传媒,影视制作,小型,2019,98210000,重庆市,重庆市,重庆市重庆市,黄采购主管,"13235497187",contact@苏州光线文.com,否,是,"2023-01-01",Active
10086,CUST-10086,杭州影像影像工作室,T2,Government,影视传媒,活动策划,影视传媒,活动策划,微型,2019,348700000,烟台市,山东省,山东省烟台市,王项目经理,"17587173220",contact@杭州影像影.com,否,是,"2023-01-01",Active
10087,CUST-10087,大连影视通传媒传媒有限公司,T2,Enterprise,影视传媒,婚庆摄影,影视传媒,婚庆摄影,微型,2013,272190000,重庆市,重庆市,重庆市重庆市,苏颖颖,"17988434627",苏颖颖@大连影视通.com,是,是,"2023-01-01",Active
10088,CUST-10088,深圳影动力广告文化有限公司,T2,Enterprise,影视传媒,广告公司,影视传媒,广告公司,微型,2011,60780000,无锡市,江苏省,江苏省无锡市,黄刚莉,"13200105056",黄刚莉@深圳影动力.com,是,是,"2023-01-01",Active
10089,CUST-10089,西安影像空间影像传媒有限公司,T2,Enterprise,影视传媒,短视频制作,影视传媒,短视频制作,大型,2019,369040000,成都市,四川省,四川省成都市,朱部门经理,"19453954673",contact@西安影像空.com,否,是,"2023-01-01",Active
10090,CUST-10090,西安光影时代制作文化传播有限公司,T3,Enterprise,影视传媒,影视制作,影视传媒,影视制作,小型,2015,68890000,哈尔滨市,黑龙江省,黑龙江省哈尔滨市,李部门经理,"19644830077",contact@西安光影时.com,否,否,"2023-01-01",Active
10091,CUST-10091,武汉守护安防科技服务有限公司,T3,Enterprise,公共安全,公安系统,公共安全,公安系统,大型,2013,286520000,哈尔滨市,黑龙江省,黑龙江省哈尔滨市,徐经理,"19529979713",contact@武汉守护安.com,否,否,"2023-01-01",Active
10092,CUST-10092,西安安邦安全技术工程有限公司,T2,SMB,公共安全,公安系统,公共安全,公安系统,大型,2018,335200000,成都市,四川省,四川省成都市,罗敏,"15933468715",罗敏@西安安邦安.com,是,是,"2023-01-01",Active
10093,CUST-10093,重庆安邦安全技术工程有限公司,T2,SMB,公共安全,应急管理,公共安全,应急管理,大型,2012,168750000,哈尔滨市,黑龙江省,黑龙江省哈尔滨市,赵部门经理,"15286293158",contact@重庆安邦安.com,否,是,"2023-01-01",Active
10094,CUST-10094,西安安通警用装备工程有限公司,T2,Enterprise,公共安全,应急管理,公共安全,应急管理,微型,2017,495430000,长沙市,湖南省,湖南省长沙市,高部门经理,"19915911873",contact@西安安通警.com,否,是,"2023-01-01",Active
10095,CUST-10095,厦门安全卫士安防工程有限公司,T2,Enterprise,公共安全,消防救援,公共安全,消防救援,中型,2017,45750000,重庆市,重庆市,重庆市重庆市,何项目经理,"18574817290",contact@厦门安全卫.com,否,是,"2023-01-01",Active
10096,CUST-10096,南京安盾安保有限公司,T2,Enterprise,公共安全,消防救援,公共安全,消防救援,大型,2014,303600000,郑州市,河南省,河南省郑州市,黄部门经理,"18140380477",contact@南京安盾安.com,否,是,"2023-01-01",Active
10097,CUST-10097,苏州警盾安全技术科技有限公司,T1,Enterprise,公共安全,安保服务,公共安全,安保服务,大型,2017,375640000,洛阳市,河南省,河南省洛阳市,林强婷,"15445236735",林强婷@苏州警盾安.com,是,是,"2023-01-01",Active
10098,CUST-10098,成都守护警用装备服务有限公司,T2,Enterprise,公共安全,公安系统,公共安全,公安系统,中型,2021,287880000,上海市,上海市,上海市上海市,刘勇梅,"18662714327",刘勇梅@成都守护警.com,是,是,"2023-01-01",Active
10099,CUST-10099,深圳守护安防科技科技有限公司,T2,SMB,公共安全,边防海警,公共安全,边防海警,大型,2022,414450000,宜昌市,湖北省,湖北省宜昌市,宋燕,"17170772317",宋燕@深圳守护安.com,是,是,"2023-01-01",Active
10100,CUST-10100,深圳警安安保服务有限公司,T2,Enterprise,公共安全,消防救援,公共安全,消防救援,大型,2019,435900000,重庆市,重庆市,重庆市重庆市,唐雪莉,"15475617211",唐雪莉@深圳警安安.com,是,是,"2023-01-01",Active
10101,CUST-10101,长沙护卫安全技术技术有限公司,T2,SMB,公共安全,应急管理,公共安全,应急管理,大型,2014,367290000,株洲市,湖南省,湖南省株洲市,徐经理,"18790945624",contact@长沙护卫安.com,否,是,"2023-01-01",Active
10102,CUST-10102,重庆盾安安防科技有限公司,T3,SMB,公共安全,安保服务,公共安全,安保服务,大型,2015,203410000,长沙市,湖南省,湖南省长沙市,黄采购主管,"15329987621",contact@重庆盾安安.com,否,否,"2023-01-01",Active
10103,CUST-10103,大连安保通安防科技有限公司,T2,Enterprise,公共安全,应急管理,公共安全,应急管理,中型,2011,194850000,宁波市,浙江省,浙江省宁波市,杨部门经理,"13645127678",contact@大连安保通.com,否,是,"2023-01-01",Active
10104,CUST-10104,杭州警翼警用装备科技有限公司,T3,SMB,公共安全,消防救援,公共安全,消防救援,微型,2012,107330000,重庆市,重庆市,重庆市重庆市,周项目经理,"15992649957",contact@杭州警翼警.com,否,是,"2023-01-01",Active
10105,CUST-10105,深圳安信安全服务有限公司,T3,Enterprise,公共安全,安保服务,公共安全,安保服务,微型,2015,444260000,重庆市,重庆市,重庆市重庆市,林采购主管,"15576954730",contact@深圳安信安.com,否,是,"2023-01-01",Active
10106,CUST-10106,哈尔滨安保通安全服务有限公司,T2,Enterprise,公共安全,应急管理,公共安全,应急管理,中型,2014,308370000,大连市,辽宁省,辽宁省大连市,胡部门经理,"15494966219",contact@哈尔滨安保.com,否,是,"2023-01-01",Active
10107,CUST-10107,南京安防警用装备科技有限公司,T3,Enterprise,公共安全,消防救援,公共安全,消防救援,微型,2012,131870000,咸阳市,陕西省,陕西省咸阳市,林总监,"19248604290",contact@南京安防警.com,否,否,"2023-01-01",Active
10108,CUST-10108,重庆安通安防有限公司,T3,Enterprise,公共安全,边防海警,公共安全,边防海警,小型,2011,106060000,重庆市,重庆市,重庆市重庆市,彭鑫,"17582452834",彭鑫@重庆安通安.com,是,是,"2023-01-01",Active
10109,CUST-10109,大连安控警用装备有限公司,T3,Enterprise,公共安全,公安系统,公共安全,公安系统,大型,2016,329990000,重庆市,重庆市,重庆市重庆市,冯敏建,"17353164777",冯敏建@大连安控警.com,是,否,"2023-01-01",Active
10110,CUST-10110,上海护航安全工程有限公司,T2,Enterprise,公共安全,应急管理,公共安全,应急管理,中型,2010,189000000,株洲市,湖南省,湖南省株洲市,胡军梅,"18847401602",胡军梅@上海护航安.com,是,是,"2023-01-01",Active
10111,CUST-10111,上海安盾安保有限公司,T3,Enterprise,公共安全,边防海警,公共安全,边防海警,大型,2010,168720000,咸阳市,陕西省,陕西省咸阳市,王采购主管,"15996534803",contact@上海安盾安.com,否,是,"2023-01-01",Active
10112,CUST-10112,武汉守护安全技术有限公司,T1,Enterprise,公共安全,应急管理,公共安全,应急管理,小型,2011,32290000,大连市,辽宁省,辽宁省大连市,吕红磊,"15550784243",吕红磊@武汉守护安.com,是,是,"2023-01-01",Active
10113,CUST-10113,天津安邦安防服务有限公司,T2,Enterprise,公共安全,安保服务,公共安全,安保服务,大型,2020,338750000,上海市,上海市,上海市上海市,周采购主管,"19359779090",contact@天津安邦安.com,否,是,"2023-01-01",Active
10114,CUST-10114,长沙警翼安保服务有限公司,T3,Enterprise,公共安全,公安系统,公共安全,公安系统,大型,2018,357560000,武汉市,湖北省,湖北省武汉市,王丽宇,"19944403809",王丽宇@长沙警翼安.com,是,否,"2023-01-01",Active
10115,CUST-10115,青岛护航警用装备工程有限公司,T3,Enterprise,公共安全,公安系统,公共安全,公安系统,小型,2014,490760000,宜昌市,湖北省,湖北省宜昌市,罗经理,"13483426624",contact@青岛护航警.com,否,否,"2023-01-01",Active
10116,CUST-10116,重庆安泰安全科技有限公司,T3,Enterprise,公共安全,边防海警,公共安全,边防海警,中型,2010,231880000,福州市,福建省,福建省福州市,罗项目经理,"19463512350",contact@重庆安泰安.com,否,否,"2023-01-01",Active
10117,CUST-10117,长沙安盾安全科技有限公司,T3,SMB,公共安全,应急管理,公共安全,应急管理,微型,2010,193310000,长沙市,湖南省,湖南省长沙市,沈琴斌,"15147036629",沈琴斌@长沙安盾安.com,是,是,"2023-01-01",Active
10118,CUST-10118,天津盾牌安全工程有限公司,T3,Enterprise,公共安全,边防海警,公共安全,边防海警,微型,2014,24990000,绵阳市,四川省,四川省绵阳市,林总监,"15407209235",contact@天津盾牌安.com,否,否,"2023-01-01",Active
10119,CUST-10119,郑州安通安全技术科技有限公司,T2,SMB,公共安全,消防救援,公共安全,消防救援,大型,2022,242180000,哈尔滨市,黑龙江省,黑龙江省哈尔滨市,赵部门经理,"18529520110",contact@郑州安通安.com,否,是,"2023-01-01",Active
10120,CUST-10120,郑州安盾安全技术技术有限公司,T3,SMB,公共安全,应急管理,公共安全,应急管理,微型,2015,341310000,宜昌市,湖北省,湖北省宜昌市,胡部门经理,"17960226208",contact@郑州安盾安.com,否,否,"2023-01-01",Active
10121,CUST-10121,深圳电网电力股份有限公司,T2,Enterprise,能源,光伏巡检,能源,光伏巡检,小型,2021,43550000,西安市,陕西省,陕西省西安市,高项目经理,"19682152066",contact@深圳电网电.com,否,是,"2023-01-01",Active
10122,CUST-10122,厦门新能源风电技术有限公司,T2,Enterprise,能源,光伏巡检,能源,光伏巡检,中型,2011,132710000,长沙市,湖南省,湖南省长沙市,徐琴,"15354193540",徐琴@厦门新能源.com,是,是,"2023-01-01",Active
10123,CUST-10123,天津能源电力技术有限公司,T3,SMB,能源,电力巡检,能源,电力巡检,小型,2016,470840000,珠海市,广东省,广东省珠海市,袁文鑫,"18664461415",袁文鑫@天津能源电.com,是,是,"2023-01-01",Active
10124,CUST-10124,苏州风能电网集团有限公司,T2,Enterprise,能源,管道巡检,能源,管道巡检,小型,2012,362300000,上海市,上海市,上海市上海市,潘刚颖,"19295381429",潘刚颖@苏州风能电.com,是,是,"2023-01-01",Active
10125,CUST-10125,长沙新能源光伏股份有限公司,T3,Enterprise,能源,电网维护,能源,电网维护,小型,2012,107140000,哈尔滨市,黑龙江省,黑龙江省哈尔滨市,肖芳,"17861639583",肖芳@长沙新能源.com,是,是,"2023-01-01",Active
10126,CUST-10126,重庆能源科技电力技术有限公司,T1,SMB,能源,电网维护,能源,电网维护,小型,2012,410610000,苏州市,江苏省,江苏省苏州市,田强,"17759737342",田强@重庆能源科.com,是,是,"2023-01-01",Active
10127,CUST-10127,厦门电网新能源有限公司,T2,Enterprise,能源,电网维护,能源,电网维护,小型,2023,370370000,珠海市,广东省,广东省珠海市,徐浩艳,"13986090690",徐浩艳@厦门电网新.com,是,是,"2023-01-01",Active
10128,CUST-10128,深圳能控新能源集团有限公司,T3,Enterprise,能源,电网维护,能源,电网维护,大型,2017,412010000,长沙市,湖南省,湖南省长沙市,杜波,"19411032572",杜波@深圳能控新.com,是,否,"2023-01-01",Active
10129,CUST-10129,成都国电能源集团有限公司,T2,Enterprise,能源,管道巡检,能源,管道巡检,大型,2021,40260000,宜昌市,湖北省,湖北省宜昌市,郭萍,"15572022811",郭萍@成都国电能.com,是,是,"2023-01-01",Active
10130,CUST-10130,沈阳华能能源有限公司,T2,Enterprise,能源,光伏巡检,能源,光伏巡检,微型,2012,499500000,德阳市,四川省,四川省德阳市,梁刚梅,"17652955706",梁刚梅@沈阳华能能.com,是,是,"2023-01-01",Active
10131,CUST-10131,西安智电新能源股份有限公司,T2,Enterprise,能源,电力巡检,能源,电力巡检,小型,2016,404290000,广州市,广东省,广东省广州市,曹建丽,"18366578178",曹建丽@西安智电新.com,是,是,"2023-01-01",Active
10132,CUST-10132,大连华能风电科技有限公司,T3,SMB,能源,电网维护,能源,电网维护,中型,2022,105420000,哈尔滨市,黑龙江省,黑龙江省哈尔滨市,陈总监,"18652681586",contact@大连华能风.com,否,否,"2023-01-01",Active
10133,CUST-10133,沈阳智电新能源股份有限公司,T2,Enterprise,能源,电力巡检,能源,电力巡检,微型,2018,300650000,西安市,陕西省,陕西省西安市,周项目经理,"15331009561",contact@沈阳智电新.com,否,是,"2023-01-01",Active
10134,CUST-10134,深圳能达能源集团有限公司,T2,Enterprise,能源,电网维护,能源,电网维护,大型,2023,71440000,咸阳市,陕西省,陕西省咸阳市,林颖萍,"18243811545",林颖萍@深圳能达能.com,是,是,"2023-01-01",Active
10135,CUST-10135,重庆能控新能源技术有限公司,T3,Enterprise,能源,光伏巡检,能源,光伏巡检,微型,2010,374730000,大连市,辽宁省,辽宁省大连市,吴经理,"19309009538",contact@重庆能控新.com,否,是,"2023-01-01",Active
10136,CUST-10136,西安能源电力科技有限公司,T2,Enterprise,能源,风电运维,能源,风电运维,大型,2016,245570000,南京市,江苏省,江苏省南京市,唐阳鑫,"17698967370",唐阳鑫@西安能源电.com,是,是,"2023-01-01",Active
10137,CUST-10137,哈尔滨新能电网集团有限公司,T3,Enterprise,能源,电网维护,能源,电网维护,大型,2010,90800000,绍兴市,浙江省,浙江省绍兴市,胡总监,"17963251765",contact@哈尔滨新能.com,否,是,"2023-01-01",Active
10138,CUST-10138,广州阳光新能源股份有限公司,T2,Enterprise,能源,光伏巡检,能源,光伏巡检,中型,2016,405020000,德阳市,四川省,四川省德阳市,蒋洋,"17737506993",蒋洋@广州阳光新.com,是,是,"2023-01-01",Active
10139,CUST-10139,武汉电信新能源股份有限公司,T2,Enterprise,能源,电网维护,能源,电网维护,小型,2017,11900000,青岛市,山东省,山东省青岛市,张部门经理,"17455665802",contact@武汉电信新.com,否,是,"2023-01-01",Active
10140,CUST-10140,武汉能源能源有限公司,T3,Enterprise,能源,电力巡检,能源,电力巡检,小型,2020,380100000,洛阳市,河南省,河南省洛阳市,陈总监,"19344322679",contact@武汉能源能.com,否,否,"2023-01-01",Active
10141,CUST-10141,上海智慧物流配送科技有限公司,T2,Enterprise,物流,仓储物流,物流,仓储物流,大型,2014,469010000,沈阳市,辽宁省,辽宁省沈阳市,许宁,"13471904990",许宁@上海智慧物.com,是,是,"2023-01-01",Active
10142,CUST-10142,济南云仓配送科技有限公司,T3,SMB,物流,供应链,物流,供应链,小型,2018,457240000,厦门市,福建省,福建省厦门市,赵总监,"17247395716",contact@济南云仓配.com,否,是,"2023-01-01",Active
10143,CUST-10143,西安京东货运有限公司,T1,Enterprise,物流,供应链,物流,供应链,大型,2011,271860000,长沙市,湖南省,湖南省长沙市,丁丽芳,"17870257350",丁丽芳@西安京东货.com,是,是,"2023-01-01",Active
10144,CUST-10144,武汉顺丰配送服务有限公司,T2,Enterprise,物流,末端配送,物流,末端配送,中型,2016,428870000,广州市,广东省,广东省广州市,朱经理,"18612656440",contact@武汉顺丰配.com,否,是,"2023-01-01",Active
10145,CUST-10145,长沙申通配送科技有限公司,T3,SMB,物流,仓储物流,物流,仓储物流,大型,2020,377260000,无锡市,江苏省,江苏省无锡市,李项目经理,"15674615376",contact@长沙申通配.com,否,是,"2023-01-01",Active
10146,CUST-10146,长沙仓储货运股份有限公司,T3,Enterprise,物流,货运,物流,货运,大型,2023,261170000,北京市,北京市,北京市北京市,罗项目经理,"18300050585",contact@长沙仓储货.com,否,是,"2023-01-01",Active
10147,CUST-10147,上海申通货运科技有限公司,T3,Enterprise,物流,快递配送,物流,快递配送,小型,2019,396030000,重庆市,重庆市,重庆市重庆市,林部门经理,"13459748735",contact@上海申通货.com,否,是,"2023-01-01",Active
10148,CUST-10148,青岛物流通配送集团有限公司,T2,Enterprise,物流,货运,物流,货运,中型,2023,331440000,烟台市,山东省,山东省烟台市,周采购主管,"18392956587",contact@青岛物流通.com,否,是,"2023-01-01",Active
10149,CUST-10149,郑州物流通快递股份有限公司,T1,Enterprise,物流,供应链,物流,供应链,大型,2021,221920000,株洲市,湖南省,湖南省株洲市,赵雪文,"17709650444",赵雪文@郑州物流通.com,是,是,"2023-01-01",Active
10150,CUST-10150,青岛物流通货运服务有限公司,T3,Enterprise,物流,末端配送,物流,末端配送,大型,2016,439600000,哈尔滨市,黑龙江省,黑龙江省哈尔滨市,蔡玲,"13298407302",蔡玲@青岛物流通.com,是,否,"2023-01-01",Active
10151,CUST-10151,南京云仓配送科技有限公司,T3,SMB,物流,快递配送,物流,快递配送,微型,2013,293770000,重庆市,重庆市,重庆市重庆市,何部门经理,"17453932473",contact@南京云仓配.com,否,否,"2023-01-01",Active
10152,CUST-10152,西安速运货运服务有限公司,T2,Enterprise,物流,仓储物流,物流,仓储物流,中型,2010,438640000,北京市,北京市,北京市北京市,马经理,"13599714064",contact@西安速运货.com,否,是,"2023-01-01",Active
10153,CUST-10153,西安快达供应链科技有限公司,T2,Enterprise,物流,快递配送,物流,快递配送,小型,2015,403800000,大连市,辽宁省,辽宁省大连市,肖梅,"15335287540",肖梅@西安快达供.com,是,是,"2023-01-01",Active
10154,CUST-10154,哈尔滨物流通配送服务有限公司,T3,Enterprise,物流,货运,物流,货运,中型,2022,163170000,咸阳市,陕西省,陕西省咸阳市,胡经理,"19945432844",contact@哈尔滨物流.com,否,否,"2023-01-01",Active
10155,CUST-10155,青岛速运供应链有限公司,T1,Enterprise,物流,快递配送,物流,快递配送,中型,2019,352700000,重庆市,重庆市,重庆市重庆市,邓霞娜,"15276670424",邓霞娜@青岛速运供.com,是,是,"2023-01-01",Active
10156,CUST-10156,天津清洁能源环境监测科技有限公司,T3,Enterprise,环保,大气监测,环保,大气监测,中型,2018,258590000,济南市,山东省,山东省济南市,黄总监,"19236737888",contact@天津清洁能.com,否,是,"2023-01-01",Active
10157,CUST-10157,武汉生态保护环境监测科技有限公司,T3,SMB,环保,生态调查,环保,生态调查,中型,2013,302870000,咸阳市,陕西省,陕西省咸阳市,王健,"17266560311",王健@武汉生态保.com,是,否,"2023-01-01",Active
10158,CUST-10158,济南绿色环保环保工程有限公司,T2,Enterprise,环保,环境监测,环保,环境监测,微型,2019,11250000,福州市,福建省,福建省福州市,赵部门经理,"15321278458",contact@济南绿色环.com,否,是,"2023-01-01",Active
10159,CUST-10159,杭州清洁能源环境监测工程有限公司,T1,Enterprise,环保,水务管理,环保,水务管理,大型,2016,288670000,福州市,福建省,福建省福州市,蒋欣萍,"15679562681",蒋欣萍@杭州清洁能.com,是,是,"2023-01-01",Active
10160,CUST-10160,大连环保水务工程有限公司,T1,Enterprise,环保,生态调查,环保,生态调查,小型,2013,198760000,温州市,浙江省,浙江省温州市,沈帆鹏,"15808897689",沈帆鹏@大连环保水.com,是,是,"2023-01-01",Active
10161,CUST-10161,苏州绿色环境监测有限公司,T2,Enterprise,环保,污染治理,环保,污染治理,微型,2010,226710000,重庆市,重庆市,重庆市重庆市,高浩晨,"18943751263",高浩晨@苏州绿色环.com,是,是,"2023-01-01",Active
10162,CUST-10162,北京环境水务科技有限公司,T2,Enterprise,环保,大气监测,环保,大气监测,微型,2012,495410000,武汉市,湖北省,湖北省武汉市,马总监,"19608436962",contact@北京环境水.com,否,是,"2023-01-01",Active
10163,CUST-10163,上海环境保护生态科技有限公司,T1,SMB,环保,环境监测,环保,环境监测,微型,2016,366220000,大连市,辽宁省,辽宁省大连市,胡梅艳,"19243980993",胡梅艳@上海环境保.com,是,是,"2023-01-01",Active
10164,CUST-10164,青岛环保环保工程有限公司,T2,Enterprise,环保,环境监测,环保,环境监测,小型,2016,442490000,上海市,上海市,上海市上海市,梁建霞,"19747382621",梁建霞@青岛环保环.com,是,是,"2023-01-01",Active
10165,CUST-10165,上海环达环境监测技术有限公司,T1,SMB,环保,污染治理,环保,污染治理,中型,2023,219210000,福州市,福建省,福建省福州市,陈阳浩,"17116464447",陈阳浩@上海环达环.com,是,是,"2023-01-01",Active
10166,CUST-10166,杭州环境保护生态工程有限公司,T1,Enterprise,环保,水务管理,环保,水务管理,中型,2016,157840000,厦门市,福建省,福建省厦门市,马磊,"19445331485",马磊@杭州环境保.com,是,是,"2023-01-01",Active
10167,CUST-10167,沈阳环保科技环境监测科技有限公司,T3,SMB,环保,大气监测,环保,大气监测,小型,2015,337070000,烟台市,山东省,山东省烟台市,吴总监,"18600368062",contact@沈阳环保科.com,否,否,"2023-01-01",Active
10168,CUST-10168,浙江大学机器人研究所研究所,T2,SMB,教育科研,科研院所,教育科研,科研院所,大型,2013,332430000,杭州市,浙江省,浙江省杭州市,黄部门经理,"18500721199",contact@浙江大学机.com,否,是,"2023-01-01",Active
10169,CUST-10169,哈尔滨工业大学自动化学院研究中心,T1,Government,教育科研,高等院校,教育科研,高等院校,大型,2018,362520000,株洲市,湖南省,湖南省株洲市,余婷斌,"18112724887",余婷斌@哈尔滨工业.com,是,是,"2023-01-01",Active
10170,CUST-10170,哈尔滨工业大学机械学院,T1,Enterprise,教育科研,培训机构,教育科研,培训机构,中型,2011,64120000,烟台市,山东省,山东省烟台市,吕鹏华,"19259877461",吕鹏华@哈尔滨工业.com,是,是,"2023-01-01",Active
10171,CUST-10171,西安交通大学遥感研究所实验室,T1,Government,教育科研,高等院校,教育科研,高等院校,小型,2016,301800000,大连市,辽宁省,辽宁省大连市,蔡毅辉,"19361142486",蔡毅辉@西安交通大.com,是,是,"2023-01-01",Active
10172,CUST-10172,北京大学电子学院研究所,T3,Government,教育科研,高等院校,教育科研,高等院校,微型,2016,363210000,长沙市,湖南省,湖南省长沙市,程强,"18160252954",程强@北京大学电.com,是,否,"2023-01-01",Active
10173,CUST-10173,武汉大学自动化学院实验室,T2,SMB,教育科研,培训机构,教育科研,培训机构,小型,2019,63490000,上海市,上海市,上海市上海市,陈部门经理,"19145689604",contact@武汉大学自.com,否,是,"2023-01-01",Active
10174,CUST-10174,哈尔滨工业大学自动化学院研究所,T1,Government,教育科研,高等院校,教育科研,高等院校,小型,2018,370300000,南京市,江苏省,江苏省南京市,苏斌,"13292580427",苏斌@哈尔滨工业.com,是,是,"2023-01-01",Active
10175,CUST-10175,西安交通大学机械学院研究中心,T3,SMB,教育科研,培训机构,教育科研,培训机构,小型,2012,370590000,宁波市,浙江省,浙江省宁波市,李部门经理,"15708485104",contact@西安交通大.com,否,是,"2023-01-01",Active
10176,CUST-10176,华中科技大学机器人研究所研究所,T3,Enterprise,教育科研,培训机构,教育科研,培训机构,大型,2018,489540000,重庆市,重庆市,重庆市重庆市,刘采购主管,"17157656107",contact@华中科技大.com,否,是,"2023-01-01",Active
10177,CUST-10177,中国林业科学院机械学院实验室,T1,SMB,教育科研,职业院校,教育科研,职业院校,大型,2020,180120000,洛阳市,河南省,河南省洛阳市,胡勇,"18626781451",胡勇@中国林业科.com,是,是,"2023-01-01",Active
10178,CUST-10178,中山大学自动化学院实验室,T1,Government,教育科研,培训机构,教育科研,培训机构,大型,2022,406410000,珠海市,广东省,广东省珠海市,袁红,"17956905222",袁红@中山大学自.com,是,是,"2023-01-01",Active
10179,CUST-10179,北京航空航天大学机械学院实验室,T1,Government,教育科研,培训机构,教育科研,培训机构,小型,2015,70820000,福州市,福建省,福建省福州市,陈艳燕,"13105578324",陈艳燕@北京航空航.com,是,是,"2023-01-01",Active
10180,CUST-10180,北京航空航天大学遥感研究所,T3,Enterprise,教育科研,高等院校,教育科研,高等院校,大型,2012,283440000,大连市,辽宁省,辽宁省大连市,刘采购主管,"18698058121",contact@北京航空航.com,否,是,"2023-01-01",Active
10181,CUST-10181,国防科技大学,T2,SMB,教育科研,培训机构,教育科研,培训机构,大型,2014,272190000,洛阳市,河南省,河南省洛阳市,李鑫强,"18936626463",李鑫强@国防科技大.com,是,是,"2023-01-01",Active
10182,CUST-10182,清华大学机器人研究所,T1,SMB,教育科研,培训机构,教育科研,培训机构,中型,2012,177230000,郑州市,河南省,河南省郑州市,袁丽,"17388199600",袁丽@清华大学机.com,是,是,"2023-01-01",Active
10183,CUST-10183,哈尔滨电子科技经销有限公司,T3,Enterprise,渠道经销,一级代理商,渠道经销,一级代理商,大型,2011,163680000,襄阳市,湖北省,湖北省襄阳市,何经理,"17278604592",contact@哈尔滨电子.com,否,否,"2023-01-01",Active
10184,CUST-10184,长沙飞行器无人机贸易有限公司,T2,Enterprise,渠道经销,一级代理商,渠道经销,一级代理商,大型,2011,170560000,绵阳市,四川省,四川省绵阳市,杜玲阳,"15648334433",杜玲阳@长沙飞行器.com,是,是,"2023-01-01",Active
10185,CUST-10185,哈尔滨智能电子贸易有限公司,T3,Enterprise,渠道经销,系统集成商,渠道经销,系统集成商,微型,2017,446350000,福州市,福建省,福建省福州市,马经理,"19841351411",contact@哈尔滨智能.com,否,否,"2023-01-01",Active
10186,CUST-10186,西安飞天航空科技销售有限公司,T2,SMB,渠道经销,一级代理商,渠道经销,一级代理商,中型,2015,205400000,重庆市,重庆市,重庆市重庆市,李鹏娟,"17588909690",李鹏娟@西安飞天航.com,是,是,"2023-01-01",Active
10187,CUST-10187,武汉天空科技经销有限公司,T3,Enterprise,渠道经销,一级代理商,渠道经销,一级代理商,微型,2015,45020000,绵阳市,四川省,四川省绵阳市,马总监,"17147978060",contact@武汉天空科.com,否,否,"2023-01-01",Active
10188,CUST-10188,苏州天翼无人机贸易有限公司,T3,Enterprise,渠道经销,二级经销商,渠道经销,二级经销商,小型,2018,280420000,重庆市,重庆市,重庆市重庆市,梁萍杰,"18348952994",梁萍杰@苏州天翼无.com,是,是,"2023-01-01",Active
10189,CUST-10189,厦门智飞电子代理有限公司,T3,Enterprise,渠道经销,系统集成商,渠道经销,系统集成商,中型,2017,389100000,佛山市,广东省,广东省佛山市,赵采购主管,"18517509245",contact@厦门智飞电.com,否,是,"2023-01-01",Active
10190,CUST-10190,天津空中航空科技经销有限公司,T1,SMB,渠道经销,一级代理商,渠道经销,一级代理商,中型,2015,214630000,沈阳市,辽宁省,辽宁省沈阳市,朱阳梅,"15591291025",朱阳梅@天津空中航.com,是,是,"2023-01-01",Active
10191,CUST-10191,苏州飞控航空科技经销有限公司,T1,Enterprise,渠道经销,系统集成商,渠道经销,系统集成商,微型,2019,75860000,株洲市,湖南省,湖南省株洲市,叶龙,"17477940931",叶龙@苏州飞控航.com,是,是,"2023-01-01",Active
10192,CUST-10192,哈尔滨飞控数码代理有限公司,T3,Enterprise,渠道经销,一级代理商,渠道经销,一级代理商,小型,2011,157350000,哈尔滨市,黑龙江省,黑龙江省哈尔滨市,朱总监,"17225572934",contact@哈尔滨飞控.com,否,是,"2023-01-01",Active
10193,CUST-10193,天津智翔无人机销售有限公司,T1,Enterprise,渠道经销,系统集成商,渠道经销,系统集成商,微型,2012,319940000,郑州市,河南省,河南省郑州市,苏燕娟,"19844567935",苏燕娟@天津智翔无.com,是,是,"2023-01-01",Active
10194,CUST-10194,西安飞控无人机贸易有限公司,T3,Enterprise,渠道经销,二级经销商,渠道经销,二级经销商,小型,2012,123610000,珠海市,广东省,广东省珠海市,赵部门经理,"17584258607",contact@西安飞控无.com,否,否,"2023-01-01",Active
10195,CUST-10195,郑州航拍科技销售有限公司,T2,SMB,渠道经销,二级经销商,渠道经销,二级经销商,中型,2023,252620000,北京市,北京市,北京市北京市,孙总监,"19642709938",contact@郑州航拍科.com,否,是,"2023-01-01",Active
10196,CUST-10196,武汉航天航空科技经销有限公司,T3,Enterprise,渠道经销,系统集成商,渠道经销,系统集成商,中型,2011,371530000,咸阳市,陕西省,陕西省咸阳市,何总监,"13954570592",contact@武汉航天航.com,否,否,"2023-01-01",Active
10197,CUST-10197,青岛天翼无人机经销有限公司,T3,Enterprise,渠道经销,系统集成商,渠道经销,系统集成商,大型,2014,356930000,大连市,辽宁省,辽宁省大连市,高鹏杰,"17682014641",高鹏杰@青岛天翼无.com,是,是,"2023-01-01",Active
10198,CUST-10198,沈阳智翔科技代理有限公司,T3,Enterprise,渠道经销,零售商,渠道经销,零售商,微型,2014,229440000,上海市,上海市,上海市上海市,吕静红,"13571447714",吕静红@沈阳智翔科.com,是,是,"2023-01-01",Active
10199,CUST-10199,哈尔滨电子电子经销有限公司,T3,Enterprise,渠道经销,系统集成商,渠道经销,系统集成商,中型,2022,136410000,厦门市,福建省,福建省厦门市,郭晨浩,"15964835149",郭晨浩@哈尔滨电子.com,是,是,"2023-01-01",Active
10200,CUST-10200,南京电子无人机代理有限公司,T1,Enterprise,渠道经销,零售商,渠道经销,零售商,小型,2019,176200000,东莞市,广东省,广东省东莞市,谢欣云,"19829392084",谢欣云@南京电子无.com,是,是,"2023-01-01",Active
10201,CUST-10201,深圳天空航空科技代理有限公司,T3,Enterprise,渠道经销,二级经销商,渠道经销,二级经销商,中型,2021,212080000,苏州市,江苏省,江苏省苏州市,任芳,"15917626034",任芳@深圳天空航.com,是,是,"2023-01-01",Active
10202,CUST-10202,大连智飞航空科技销售有限公司,T3,Enterprise,渠道经销,零售商,渠道经销,零售商,微型,2017,50490000,珠海市,广东省,广东省珠海市,朱经理,"13532557724",contact@大连智飞航.com,否,否,"2023-01-01",Active
10203,CUST-10203,济南工建工程测量技术有限公司,T1,SMB,建筑工程,BIM应用,建筑工程,BIM应用,微型,2020,201210000,重庆市,重庆市,重庆市重庆市,宋霞莉,"15560883210",宋霞莉@济南工建工.com,是,是,"2023-01-01",Active
10204,CUST-10204,沈阳建测建设股份有限公司,T3,Enterprise,建筑工程,建筑设计,建筑工程,建筑设计,中型,2019,149230000,北京市,北京市,北京市北京市,胡采购主管,"19830125895",contact@沈阳建测建.com,否,是,"2023-01-01",Active
10205,CUST-10205,北京工程工程测量集团有限公司,T2,Enterprise,建筑工程,建筑设计,建筑工程,建筑设计,大型,2013,252040000,福州市,福建省,福建省福州市,梁红,"13884651200",梁红@北京工程工.com,是,是,"2023-01-01",Active
10206,CUST-10206,重庆工程BIM技术集团有限公司,T3,SMB,建筑工程,施工监理,建筑工程,施工监理,大型,2019,426990000,武汉市,湖北省,湖北省武汉市,宋洋,"15572553155",宋洋@重庆工程b.com,是,是,"2023-01-01",Active
10207,CUST-10207,武汉施工工程集团有限公司,T2,Enterprise,建筑工程,施工监理,建筑工程,施工监理,大型,2011,92750000,株洲市,湖南省,湖南省株洲市,丁娟婷,"13733050169",丁娟婷@武汉施工工.com,是,是,"2023-01-01",Active
10208,CUST-10208,南京建筑设计建设技术有限公司,T3,Enterprise,建筑工程,施工监理,建筑工程,施工监理,小型,2020,56210000,宜昌市,湖北省,湖北省宜昌市,王采购主管,"15694205108",contact@南京建筑设.com,否,是,"2023-01-01",Active
10209,CUST-10209,青岛建模工程股份有限公司,T2,Enterprise,建筑工程,工程测量,建筑工程,工程测量,中型,2018,398750000,南京市,江苏省,江苏省南京市,李部门经理,"19302557660",contact@青岛建模工.com,否,是,"2023-01-01",Active
10210,CUST-10210,哈尔滨建筑设计工程测量有限公司,T3,Enterprise,建筑工程,BIM应用,建筑工程,BIM应用,微型,2020,390230000,咸阳市,陕西省,陕西省咸阳市,刘丽,"13667243311",刘丽@哈尔滨建筑.com,是,是,"2023-01-01",Active
10211,CUST-10211,上海建设工程测量集团有限公司,T3,Enterprise,建筑工程,建筑设计,建筑工程,建筑设计,中型,2022,309680000,襄阳市,湖北省,湖北省襄阳市,宋洋,"13117920106",宋洋@上海建设工.com,是,否,"2023-01-01",Active
10212,CUST-10212,北京建设工程集团有限公司,T2,Enterprise,建筑工程,基建项目,建筑工程,基建项目,微型,2016,460930000,青岛市,山东省,山东省青岛市,朱芳玲,"18188506190",朱芳玲@北京建设工.com,是,是,"2023-01-01",Active
10213,CUST-10213,沈阳建工施工工程有限公司,T2,Enterprise,建筑工程,施工监理,建筑工程,施工监理,小型,2016,385320000,济南市,山东省,山东省济南市,吴健强,"13433041955",吴健强@沈阳建工施.com,是,是,"2023-01-01",Active
10214,CUST-10214,杭州建科工程技术有限公司,T3,Enterprise,建筑工程,BIM应用,建筑工程,BIM应用,大型,2016,77010000,哈尔滨市,黑龙江省,黑龙江省哈尔滨市,胡项目经理,"18757448675",contact@杭州建科工.com,否,是,"2023-01-01",Active
10215,CUST-10215,厦门景区文化发展有限公司,T1,Enterprise,文旅,景区运营,文旅,景区运营,中型,2021,334460000,沈阳市,辽宁省,辽宁省沈阳市,潘杰波,"13147285340",潘杰波@厦门景区文.com,是,是,"2023-01-01",Active
10216,CUST-10216,广州文化旅游旅游有限公司,T3,Enterprise,文旅,主题公园,文旅,主题公园,小型,2013,273790000,广州市,广东省,广东省广州市,张燕艳,"17391261014",张燕艳@广州文化旅.com,是,是,"2023-01-01",Active
10217,CUST-10217,成都旅游集团文化管理有限公司,T3,Enterprise,文旅,文化遗产,文旅,文化遗产,大型,2016,46170000,上海市,上海市,上海市上海市,徐总监,"18403124688",contact@成都旅游集.com,否,是,"2023-01-01",Active
10218,CUST-10218,济南景区管理旅游集团有限公司,T3,Enterprise,文旅,景区运营,文旅,景区运营,中型,2014,370490000,上海市,上海市,上海市上海市,杨经理,"17894113665",contact@济南景区管.com,否,否,"2023-01-01",Active
10219,CUST-10219,杭州景区管理文旅有限公司,T2,Enterprise,文旅,文化遗产,文旅,文化遗产,中型,2010,269720000,沈阳市,辽宁省,辽宁省沈阳市,于宁,"13350179421",于宁@杭州景区管.com,是,是,"2023-01-01",Active
10220,CUST-10220,天津旅游发展文化管理有限公司,T2,Enterprise,文旅,旅游开发,文旅,旅游开发,大型,2022,431770000,福州市,福建省,福建省福州市,高采购主管,"18892510222",contact@天津旅游发.com,否,是,"2023-01-01",Active
10221,CUST-10221,深圳景区管理文化旅游有限公司,T3,Enterprise,文旅,文化遗产,文旅,文化遗产,大型,2010,152690000,西安市,陕西省,陕西省西安市,田娟,"19543516366",田娟@深圳景区管.com,是,否,"2023-01-01",Active
10222,CUST-10222,哈尔滨文化创意文化旅游集团有限公司,T3,Enterprise,文旅,景区运营,文旅,景区运营,微型,2011,388900000,福州市,福建省,福建省福州市,赵总监,"19166875719",contact@哈尔滨文化.com,否,是,"2023-01-01",Active
10223,CUST-10223,长沙新华保险财产保险分公司,T2,SMB,保险,财产保险,保险,财产保险,微型,2014,79580000,绍兴市,浙江省,浙江省绍兴市,吴部门经理,"13269238221",contact@长沙新华保.com,否,是,"2023-01-01",Active
10224,CUST-10224,南京人保财险农业保险分公司,T3,Government,保险,农业保险,保险,农业保险,中型,2011,467060000,福州市,福建省,福建省福州市,杨经理,"15481975879",contact@南京人保财.com,否,否,"2023-01-01",Active
10225,CUST-10225,天津农业保险人寿保险股份有限公司,T2,Enterprise,保险,责任保险,保险,责任保险,中型,2011,303800000,宜昌市,湖北省,湖北省宜昌市,罗涛华,"13963177562",罗涛华@天津农业保.com,是,是,"2023-01-01",Active
10226,CUST-10226,深圳阳光保险财产保险有限公司,T3,Enterprise,保险,财产保险,保险,财产保险,大型,2019,385110000,深圳市,广东省,广东省深圳市,刘敏,"17972680546",刘敏@深圳阳光保.com,是,否,"2023-01-01",Active
10227,CUST-10227,杭州太平洋保险财产保险支公司,T1,Enterprise,保险,农业保险,保险,农业保险,小型,2011,28980000,沈阳市,辽宁省,辽宁省沈阳市,陈颖建,"18154371817",陈颖建@杭州太平洋.com,是,是,"2023-01-01",Active
10228,CUST-10228,沈阳人保财险农业保险有限公司,T1,Enterprise,保险,财产保险,保险,财产保险,微型,2012,232960000,西安市,陕西省,陕西省西安市,潘雪玲,"15300951978",潘雪玲@沈阳人保财.com,是,是,"2023-01-01",Active
