pr_id,billno,entry_id,material_number,material_name,material_type,qty,unit,biztime,plant,buyer,srcbillid,created_date,status,customer_id,customer_name,sales_order_number,project_name,delivery_batch,total_batches
PR00001,PR-202604-0001,PR-202604-0001-1,PART-FRAME-HEX-CF,六轴碳纤维机架,零件,260,套,2026-04-03,深圳天翼无人机总装厂,李娜,MRP-202604-0001,2026-04-01,已审批,10116,重庆安泰安全科技有限公司,SO-202604-00001,重庆安泰安全科技有限公司无人机采购项目,,
PR00002,PR-202604-0002,PR-202604-0002-1,ASSY-FC-RTK,RTK高精度飞控总成,组件,247,套,2026-04-10,深圳天翼无人机总装厂,张敏,MRP-202604-0002,2026-04-01,已审批,10116,重庆安泰安全科技有限公司,SO-202604-00001,重庆安泰安全科技有限公司无人机采购项目,,
PR00003,PR-202604-0003,PR-202604-0003-1,PART-CAM-FPV,FPV图传相机,零件,260,个,2026-04-03,东莞天翼动力系统厂,王磊,MRP-202604-0003,2026-04-01,审批中,10116,重庆安泰安全科技有限公司,SO-202604-00001,重庆安泰安全科技有限公司无人机采购项目,,
PR00004,PR-202604-0004,PR-202604-0004-1,PART-BAT-12S-16000,12S16000mAh工业电池,零件,562,块,2026-04-08,东莞天翼动力系统厂,王磊,MRP-202604-0005,2026-04-01,审批中,10116,重庆安泰安全科技有限公司,SO-202604-00001,重庆安泰安全科技有限公司无人机采购项目,,
PR00005,PR-202604-0005,PR-202604-0005-1,PART-RC-IND,工业遥控器,零件,260,个,2026-04-08,深圳天翼无人机总装厂,陈婷,MRP-202604-0006,2026-04-01,审批中,10116,重庆安泰安全科技有限公司,SO-202604-00001,重庆安泰安全科技有限公司无人机采购项目,,
PR00006,PR-202604-0006,PR-202604-0006-1,PART-SPRAYER-20L,20升智能喷洒系统,零件,247,套,2026-04-03,惠州天翼电池组装厂,张敏,MRP-202604-0007,2026-04-01,审批中,10116,重庆安泰安全科技有限公司,SO-202604-00001,重庆安泰安全科技有限公司无人机采购项目,,
PR00007,PR-202604-0007,PR-202604-0007-1,PART-RADAR-ALT,雷达测高仪,零件,247,个,2026-04-04,深圳天翼无人机总装厂,王磊,MRP-202604-0008,2026-04-01,已审批,10116,重庆安泰安全科技有限公司,SO-202604-00001,重庆安泰安全科技有限公司无人机采购项目,1,2
PR00008,PR-202604-0008,PR-202604-0008-1,PART-IMU-ADIS16505,ADIS16505工业级IMU,零件,281,个,2026-04-06,东莞天翼动力系统厂,张敏,MRP-202604-0010,2026-04-01,已审批,10116,重庆安泰安全科技有限公司,SO-202604-00001,重庆安泰安全科技有限公司无人机采购项目,,
PR00009,PR-202604-0009,PR-202604-0009-1,PART-GNSS-RTK-F9P,ZED-F9P RTK定位模块,零件,260,个,2026-04-06,惠州天翼电池组装厂,张敏,MRP-202604-0011,2026-04-01,审批中,10116,重庆安泰安全科技有限公司,SO-202604-00001,重庆安泰安全科技有限公司无人机采购项目,,
PR00010,PR-202604-0010,PR-202604-0010-1,PART-4G-MODULE,4G通信模块,零件,260,个,2026-04-02,惠州天翼电池组装厂,王磊,MRP-202604-0012,2026-04-01,已审批,10116,重庆安泰安全科技有限公司,SO-202604-00001,重庆安泰安全科技有限公司无人机采购项目,1,3
PR00011,PR-202604-0011,PR-202604-0011-1,PART-MOTOR-4114-400KV,4114 400KV高扭矩电机,零件,1482,个,2026-04-10,东莞天翼动力系统厂,李娜,MRP-202604-0014,2026-04-01,审批中,10116,重庆安泰安全科技有限公司,SO-202604-00001,重庆安泰安全科技有限公司无人机采购项目,,
PR00012,PR-202604-0012,PR-202604-0012-1,PART-ESC-50A-FOC,50A FOC电调,零件,1685,个,2026-04-04,惠州天翼电池组装厂,李娜,MRP-202604-0015,2026-04-01,已审批,10116,重庆安泰安全科技有限公司,SO-202604-00001,重庆安泰安全科技有限公司无人机采购项目,,
PR00013,PR-202604-0013,PR-202604-0013-1,PART-PROP-1755-CF,1755碳纤维螺旋桨,零件,1482,副,2026-04-08,东莞天翼动力系统厂,王磊,MRP-202604-0016,2026-04-01,审批中,10116,重庆安泰安全科技有限公司,SO-202604-00001,重庆安泰安全科技有限公司无人机采购项目,1,3
PR00014,PR-202604-0014,PR-202604-0014-1,PART-FPGA-ICE40,ICE40 FPGA,零件,247,颗,2026-04-02,东莞天翼动力系统厂,张敏,MRP-202604-0021,2026-04-01,已审批,10116,重庆安泰安全科技有限公司,SO-202604-00001,重庆安泰安全科技有限公司无人机采购项目,,
PR00015,PR-202604-0015,PR-202604-0015-1,RAW-NEODYMIUM,钕铁硼磁性材料,原材料,70,千克,2026-04-02,东莞天翼动力系统厂,张敏,MRP-202604-0023,2026-04-01,已审批,10116,重庆安泰安全科技有限公司,SO-202604-00001,重庆安泰安全科技有限公司无人机采购项目,,
PR00016,PR-202604-0016,PR-202604-0016-1,RAW-COPPER-WIRE,铜漆包线,原材料,253,千克,2026-04-10,东莞天翼动力系统厂,李娜,MRP-202604-0024,2026-04-01,已审批,10116,重庆安泰安全科技有限公司,SO-202604-00001,重庆安泰安全科技有限公司无人机采购项目,,
PR00017,PR-202604-0017,PR-202604-0017-1,RAW-AL-ALLOY,铝合金材料,原材料,390,千克,2026-04-04,惠州天翼电池组装厂,王磊,MRP-202604-0025,2026-04-01,已审批,10116,重庆安泰安全科技有限公司,SO-202604-00001,重庆安泰安全科技有限公司无人机采购项目,,
PR00018,PR-202605-0018,PR-202605-0018-1,PART-FRAME-HEX-CF,六轴碳纤维机架,零件,460,套,2026-05-10,东莞天翼动力系统厂,陈婷,MRP-202605-0028,2026-05-01,已审批,10078,厦门影立方制作有限公司,SO-202605-00002,厦门影立方制作有限公司无人机采购项目,,
PR00019,PR-202605-0019,PR-202605-0019-1,PART-CAM-FPV,FPV图传相机,零件,497,个,2026-05-04,惠州天翼电池组装厂,陈婷,MRP-202605-0030,2026-05-01,审批中,10078,厦门影立方制作有限公司,SO-202605-00002,厦门影立方制作有限公司无人机采购项目,,
PR00020,PR-202605-0020,PR-202605-0020-1,PART-BAT-12S-16000,12S16000mAh工业电池,零件,920,块,2026-05-04,深圳天翼无人机总装厂,陈婷,MRP-202605-0032,2026-05-01,已审批,10078,厦门影立方制作有限公司,SO-202605-00002,厦门影立方制作有限公司无人机采购项目,,
PR00021,PR-202605-0021,PR-202605-0021-1,PART-RC-IND,工业遥控器,零件,460,个,2026-05-03,东莞天翼动力系统厂,李娜,MRP-202605-0033,2026-05-01,已审批,10078,厦门影立方制作有限公司,SO-202605-00002,厦门影立方制作有限公司无人机采购项目,,
PR00022,PR-202605-0022,PR-202605-0022-1,PART-SPRAYER-20L,20升智能喷洒系统,零件,497,套,2026-05-08,深圳天翼无人机总装厂,王磊,MRP-202605-0034,2026-05-01,审批中,10078,厦门影立方制作有限公司,SO-202605-00002,厦门影立方制作有限公司无人机采购项目,,
PR00023,PR-202605-0023,PR-202605-0023-1,PART-RADAR-ALT,雷达测高仪,零件,437,个,2026-05-03,深圳天翼无人机总装厂,王磊,MRP-202605-0035,2026-05-01,审批中,10078,厦门影立方制作有限公司,SO-202605-00002,厦门影立方制作有限公司无人机采购项目,,
PR00024,PR-202605-0024,PR-202605-0024-1,PART-IMU-ADIS16505,ADIS16505工业级IMU,零件,460,个,2026-05-02,深圳天翼无人机总装厂,王磊,MRP-202605-0037,2026-05-01,已审批,10078,厦门影立方制作有限公司,SO-202605-00002,厦门影立方制作有限公司无人机采购项目,,
PR00025,PR-202605-0025,PR-202605-0025-1,PART-MOTOR-4114-400KV,4114 400KV高扭矩电机,零件,2622,个,2026-05-03,深圳天翼无人机总装厂,李娜,MRP-202605-0041,2026-05-01,已审批,10078,厦门影立方制作有限公司,SO-202605-00002,厦门影立方制作有限公司无人机采购项目,,
PR00026,PR-202605-0026,PR-202605-0026-1,PART-PROP-1755-CF,1755碳纤维螺旋桨,零件,2622,副,2026-05-04,深圳天翼无人机总装厂,陈婷,MRP-202605-0043,2026-05-01,审批中,10078,厦门影立方制作有限公司,SO-202605-00002,厦门影立方制作有限公司无人机采购项目,,
PR00027,PR-202605-0027,PR-202605-0027-1,PART-CABLE-ESC-HD,加强型电调线,零件,2622,根,2026-05-10,东莞天翼动力系统厂,张敏,MRP-202605-0044,2026-05-01,审批中,10078,厦门影立方制作有限公司,SO-202605-00002,厦门影立方制作有限公司无人机采购项目,1,3
PR00028,PR-202605-0028,PR-202605-0028-1,RAW-LIPO-CELL,锂聚合物电芯,原材料,1104,千克,2026-05-06,东莞天翼动力系统厂,陈婷,MRP-202605-0045,2026-05-01,审批中,10078,厦门影立方制作有限公司,SO-202605-00002,厦门影立方制作有限公司无人机采购项目,,
PR00029,PR-202605-0029,PR-202605-0029-1,PART-MCU-STM32H753,STM32H753双核芯片,零件,437,颗,2026-05-06,深圳天翼无人机总装厂,王磊,MRP-202605-0046,2026-05-01,审批中,10078,厦门影立方制作有限公司,SO-202605-00002,厦门影立方制作有限公司无人机采购项目,1,3
PR00030,PR-202605-0030,PR-202605-0030-1,PART-PCB-FC-8L,8层飞控PCB板,零件,437,块,2026-05-08,东莞天翼动力系统厂,陈婷,MRP-202605-0047,2026-05-01,审批中,10078,厦门影立方制作有限公司,SO-202605-00002,厦门影立方制作有限公司无人机采购项目,,
PR00031,PR-202605-0031,PR-202605-0031-1,PART-FPGA-ICE40,ICE40 FPGA,零件,437,颗,2026-05-03,惠州天翼电池组装厂,张敏,MRP-202605-0048,2026-05-01,审批中,10078,厦门影立方制作有限公司,SO-202605-00002,厦门影立方制作有限公司无人机采购项目,1,2
PR00032,PR-202605-0032,PR-202605-0032-1,PART-CONN-GH-1.25-10P,GH1.25 10PIN连接器,零件,1748,个,2026-05-03,东莞天翼动力系统厂,陈婷,MRP-202605-0049,2026-05-01,已审批,10078,厦门影立方制作有限公司,SO-202605-00002,厦门影立方制作有限公司无人机采购项目,1,2
PR00033,PR-202605-0033,PR-202605-0033-1,RAW-NEODYMIUM,钕铁硼磁性材料,原材料,118,千克,2026-05-06,惠州天翼电池组装厂,王磊,MRP-202605-0050,2026-05-01,已审批,10078,厦门影立方制作有限公司,SO-202605-00002,厦门影立方制作有限公司无人机采购项目,,
PR00034,PR-202605-0034,PR-202605-0034-1,RAW-COPPER-WIRE,铜漆包线,原材料,414,千克,2026-05-06,深圳天翼无人机总装厂,张敏,MRP-202605-0051,2026-05-01,审批中,10078,厦门影立方制作有限公司,SO-202605-00002,厦门影立方制作有限公司无人机采购项目,,
PR00035,PR-202605-0035,PR-202605-0035-1,RAW-AL-ALLOY,铝合金材料,原材料,690,千克,2026-05-04,惠州天翼电池组装厂,王磊,MRP-202605-0052,2026-05-01,已审批,10078,厦门影立方制作有限公司,SO-202605-00002,厦门影立方制作有限公司无人机采购项目,1,3
PR00036,PR-202605-0036,PR-202605-0036-1,RAW-SI-WAFER-12IN,12英寸硅晶圆,原材料,0,片,2026-05-08,深圳天翼无人机总装厂,李娜,MRP-202605-0053,2026-05-01,审批中,10078,厦门影立方制作有限公司,SO-202605-00002,厦门影立方制作有限公司无人机采购项目,,
PR00037,PR-202605-0037,PR-202605-0037-1,RAW-FR4-CCL,FR4覆铜板,原材料,40,平米,2026-05-06,东莞天翼动力系统厂,王磊,MRP-202605-0054,2026-05-01,审批中,10078,厦门影立方制作有限公司,SO-202605-00002,厦门影立方制作有限公司无人机采购项目,,
PR00038,PR-202604-0038,PR-202604-0038-1,PART-FRAME-HEX-CF-HD,六轴重载碳纤维机架,零件,260,套,2026-04-02,惠州天翼电池组装厂,陈婷,MRP-202604-0055,2026-04-01,已审批,10010,武汉农兴农业科技有限公司,SO-202604-00003,武汉农兴农业科技有限公司无人机采购项目,,
PR00039,PR-202604-0039,PR-202604-0039-1,PART-MOTOR-5010-PRO,5010重载无刷电机,零件,1482,个,2026-04-04,惠州天翼电池组装厂,王磊,MRP-202604-0058,2026-04-01,审批中,10010,武汉农兴农业科技有限公司,SO-202604-00003,武汉农兴农业科技有限公司无人机采购项目,1,2
PR00040,PR-202604-0040,PR-202604-0040-1,PART-ESC-60A,60A电调,零件,1685,个,2026-04-10,深圳天翼无人机总装厂,张敏,MRP-202604-0059,2026-04-01,已审批,10010,武汉农兴农业科技有限公司,SO-202604-00003,武汉农兴农业科技有限公司无人机采购项目,1,2
PR00041,PR-202604-0041,PR-202604-0041-1,PART-BAT-12S-22000,12S22000mAh重载电池,零件,494,块,2026-04-06,深圳天翼无人机总装厂,王磊,MRP-202604-0061,2026-04-01,已审批,10010,武汉农兴农业科技有限公司,SO-202604-00003,武汉农兴农业科技有限公司无人机采购项目,,
PR00042,PR-202604-0042,PR-202604-0042-1,PART-RC-IND,工业遥控器,零件,281,个,2026-04-10,东莞天翼动力系统厂,王磊,MRP-202604-0062,2026-04-01,已审批,10010,武汉农兴农业科技有限公司,SO-202604-00003,武汉农兴农业科技有限公司无人机采购项目,,
PR00043,PR-202604-0043,PR-202604-0043-1,PART-SPRAYER-30L,30升智能喷洒系统,零件,260,套,2026-04-03,深圳天翼无人机总装厂,张敏,MRP-202604-0063,2026-04-01,已审批,10010,武汉农兴农业科技有限公司,SO-202604-00003,武汉农兴农业科技有限公司无人机采购项目,,
PR00044,PR-202604-0044,PR-202604-0044-1,PART-RADAR-ALT,雷达测高仪,零件,281,个,2026-04-03,深圳天翼无人机总装厂,张敏,MRP-202604-0064,2026-04-01,已审批,10010,武汉农兴农业科技有限公司,SO-202604-00003,武汉农兴农业科技有限公司无人机采购项目,,
PR00045,PR-202604-0045,PR-202604-0045-1,PART-IMU-ADIS16505,ADIS16505工业级IMU,零件,247,个,2026-04-04,东莞天翼动力系统厂,陈婷,MRP-202604-0066,2026-04-01,已审批,10010,武汉农兴农业科技有限公司,SO-202604-00003,武汉农兴农业科技有限公司无人机采购项目,,
PR00046,PR-202604-0046,PR-202604-0046-1,PART-GNSS-RTK-F9P,ZED-F9P RTK定位模块,零件,260,个,2026-04-03,惠州天翼电池组装厂,张敏,MRP-202604-0067,2026-04-01,审批中,10010,武汉农兴农业科技有限公司,SO-202604-00003,武汉农兴农业科技有限公司无人机采购项目,,
PR00047,PR-202604-0047,PR-202604-0047-1,RAW-LIPO-CELL,锂聚合物电芯,原材料,1011,千克,2026-04-10,东莞天翼动力系统厂,王磊,MRP-202604-0070,2026-04-01,审批中,10010,武汉农兴农业科技有限公司,SO-202604-00003,武汉农兴农业科技有限公司无人机采购项目,1,3
PR00048,PR-202604-0048,PR-202604-0048-1,PART-PCB-FC-8L,8层飞控PCB板,零件,247,块,2026-04-06,东莞天翼动力系统厂,张敏,MRP-202604-0072,2026-04-01,已审批,10010,武汉农兴农业科技有限公司,SO-202604-00003,武汉农兴农业科技有限公司无人机采购项目,,
PR00049,PR-202604-0049,PR-202604-0049-1,RAW-SI-WAFER-12IN,12英寸硅晶圆,原材料,0,片,2026-04-06,惠州天翼电池组装厂,张敏,MRP-202604-0075,2026-04-01,审批中,10010,武汉农兴农业科技有限公司,SO-202604-00003,武汉农兴农业科技有限公司无人机采购项目,,
PR00050,PR-202604-0050,PR-202604-0050-1,RAW-FR4-CCL,FR4覆铜板,原材料,22,平米,2026-04-04,惠州天翼电池组装厂,李娜,MRP-202604-0076,2026-04-01,已审批,10010,武汉农兴农业科技有限公司,SO-202604-00003,武汉农兴农业科技有限公司无人机采购项目,,
PR00051,PR-202605-0051,PR-202605-0051-1,PART-CAM-FPV,FPV图传相机,零件,600,个,2026-05-08,东莞天翼动力系统厂,王磊,MRP-202605-0079,2026-05-01,审批中,10164,青岛环保环保工程有限公司,SO-202605-00004,青岛环保环保工程有限公司无人机采购项目,,
PR00052,PR-202605-0052,PR-202605-0052-1,PART-MOTOR-5010-PRO,5010重载无刷电机,零件,3420,个,2026-05-06,惠州天翼电池组装厂,王磊,MRP-202605-0080,2026-05-01,已审批,10164,青岛环保环保工程有限公司,SO-202605-00004,青岛环保环保工程有限公司无人机采购项目,1,2
PR00053,PR-202605-0053,PR-202605-0053-1,PART-BAT-12S-22000,12S22000mAh重载电池,零件,1200,块,2026-05-10,惠州天翼电池组装厂,陈婷,MRP-202605-0083,2026-05-01,已审批,10164,青岛环保环保工程有限公司,SO-202605-00004,青岛环保环保工程有限公司无人机采购项目,,
PR00054,PR-202605-0054,PR-202605-0054-1,PART-RC-IND,工业遥控器,零件,600,个,2026-05-04,惠州天翼电池组装厂,陈婷,MRP-202605-0084,2026-05-01,已审批,10164,青岛环保环保工程有限公司,SO-202605-00004,青岛环保环保工程有限公司无人机采购项目,,
PR00055,PR-202605-0055,PR-202605-0055-1,PART-SPRAYER-30L,30升智能喷洒系统,零件,570,套,2026-05-02,深圳天翼无人机总装厂,王磊,MRP-202605-0085,2026-05-01,审批中,10164,青岛环保环保工程有限公司,SO-202605-00004,青岛环保环保工程有限公司无人机采购项目,,
PR00056,PR-202605-0056,PR-202605-0056-1,PART-RADAR-ALT,雷达测高仪,零件,648,个,2026-05-03,深圳天翼无人机总装厂,李娜,MRP-202605-0086,2026-05-01,已审批,10164,青岛环保环保工程有限公司,SO-202605-00004,青岛环保环保工程有限公司无人机采购项目,,
PR00057,PR-202605-0057,PR-202605-0057-1,PART-IMU-ADIS16505,ADIS16505工业级IMU,零件,648,个,2026-05-10,东莞天翼动力系统厂,王磊,MRP-202605-0088,2026-05-01,已审批,10164,青岛环保环保工程有限公司,SO-202605-00004,青岛环保环保工程有限公司无人机采购项目,,
PR00058,PR-202605-0058,PR-202605-0058-1,PART-4G-MODULE,4G通信模块,零件,570,个,2026-05-10,惠州天翼电池组装厂,张敏,MRP-202605-0090,2026-05-01,审批中,10164,青岛环保环保工程有限公司,SO-202605-00004,青岛环保环保工程有限公司无人机采购项目,,
PR00059,PR-202605-0059,PR-202605-0059-1,COMP-FC-CASE-AL-IND,工业级铝合金外壳,部件,570,套,2026-05-10,惠州天翼电池组装厂,陈婷,MRP-202605-0091,2026-05-01,已审批,10164,青岛环保环保工程有限公司,SO-202605-00004,青岛环保环保工程有限公司无人机采购项目,,
PR00060,PR-202605-0060,PR-202605-0060-1,RAW-LIPO-CELL,锂聚合物电芯,原材料,2333,千克,2026-05-04,东莞天翼动力系统厂,王磊,MRP-202605-0092,2026-05-01,已审批,10164,青岛环保环保工程有限公司,SO-202605-00004,青岛环保环保工程有限公司无人机采购项目,,
PR00061,PR-202605-0061,PR-202605-0061-1,PART-MCU-STM32H753,STM32H753双核芯片,零件,600,颗,2026-05-02,惠州天翼电池组装厂,陈婷,MRP-202605-0093,2026-05-01,已审批,10164,青岛环保环保工程有限公司,SO-202605-00004,青岛环保环保工程有限公司无人机采购项目,1,2
PR00062,PR-202605-0062,PR-202605-0062-1,PART-PCB-FC-8L,8层飞控PCB板,零件,600,块,2026-05-08,深圳天翼无人机总装厂,陈婷,MRP-202605-0094,2026-05-01,审批中,10164,青岛环保环保工程有限公司,SO-202605-00004,青岛环保环保工程有限公司无人机采购项目,,
PR00063,PR-202605-0063,PR-202605-0063-1,PART-FPGA-ICE40,ICE40 FPGA,零件,570,颗,2026-05-04,惠州天翼电池组装厂,李娜,MRP-202605-0095,2026-05-01,审批中,10164,青岛环保环保工程有限公司,SO-202605-00004,青岛环保环保工程有限公司无人机采购项目,,
PR00064,PR-202605-0064,PR-202605-0064-1,PART-CONN-GH-1.25-10P,GH1.25 10PIN连接器,零件,2280,个,2026-05-03,惠州天翼电池组装厂,王磊,MRP-202605-0096,2026-05-01,已审批,10164,青岛环保环保工程有限公司,SO-202605-00004,青岛环保环保工程有限公司无人机采购项目,1,3
PR00065,PR-202605-0065,PR-202605-0065-1,RAW-SI-WAFER-12IN,12英寸硅晶圆,原材料,0,片,2026-05-04,东莞天翼动力系统厂,李娜,MRP-202605-0097,2026-05-01,已审批,10164,青岛环保环保工程有限公司,SO-202605-00004,青岛环保环保工程有限公司无人机采购项目,1,2
PR00066,PR-202605-0066,PR-202605-0066-1,RAW-FR4-CCL,FR4覆铜板,原材料,52,平米,2026-05-03,惠州天翼电池组装厂,张敏,MRP-202605-0098,2026-05-01,已审批,10164,青岛环保环保工程有限公司,SO-202605-00004,青岛环保环保工程有限公司无人机采购项目,,
PR00067,PR-202604-0067,PR-202604-0067-1,ASSY-PWR-TQ,高扭矩动力系统总成,组件,410,套,2026-04-03,深圳天翼无人机总装厂,王磊,MRP-202604-0102,2026-04-01,已审批,10081,深圳影像制作文化传播有限公司,SO-202604-00005,深圳影像制作文化传播有限公司无人机采购项目,,
PR00068,PR-202604-0068,PR-202604-0068-1,PART-RC-IND,工业遥控器,零件,361,个,2026-04-06,惠州天翼电池组装厂,张敏,MRP-202604-0104,2026-04-01,已审批,10081,深圳影像制作文化传播有限公司,SO-202604-00005,深圳影像制作文化传播有限公司无人机采购项目,,
PR00069,PR-202604-0069,PR-202604-0069-1,PART-SPRAYER-16L,16升智能喷洒系统,零件,410,套,2026-04-10,惠州天翼电池组装厂,王磊,MRP-202604-0105,2026-04-01,审批中,10081,深圳影像制作文化传播有限公司,SO-202604-00005,深圳影像制作文化传播有限公司无人机采购项目,,
PR00070,PR-202604-0070,PR-202604-0070-1,PART-SCREW-M4-16,M4x16螺钉,零件,14440,颗,2026-04-02,惠州天翼电池组装厂,陈婷,MRP-202604-0111,2026-04-01,审批中,10081,深圳影像制作文化传播有限公司,SO-202604-00005,深圳影像制作文化传播有限公司无人机采购项目,,
PR00071,PR-202604-0071,PR-202604-0071-1,PART-DAMPER-HARD,硬质减震球,零件,1642,个,2026-04-03,深圳天翼无人机总装厂,李娜,MRP-202604-0112,2026-04-01,审批中,10081,深圳影像制作文化传播有限公司,SO-202604-00005,深圳影像制作文化传播有限公司无人机采购项目,1,2
PR00072,PR-202604-0072,PR-202604-0072-1,PART-GNSS-RTK-F9P,ZED-F9P RTK定位模块,零件,410,个,2026-04-06,惠州天翼电池组装厂,李娜,MRP-202604-0115,2026-04-01,审批中,10081,深圳影像制作文化传播有限公司,SO-202604-00005,深圳影像制作文化传播有限公司无人机采购项目,,
PR00073,PR-202604-0073,PR-202604-0073-1,PART-4G-MODULE,4G通信模块,零件,380,个,2026-04-03,东莞天翼动力系统厂,李娜,MRP-202604-0116,2026-04-01,已审批,10081,深圳影像制作文化传播有限公司,SO-202604-00005,深圳影像制作文化传播有限公司无人机采购项目,,
PR00074,PR-202604-0074,PR-202604-0074-1,PART-MOTOR-4114-400KV,4114 400KV高扭矩电机,零件,2166,个,2026-04-08,惠州天翼电池组装厂,陈婷,MRP-202604-0118,2026-04-01,已审批,10081,深圳影像制作文化传播有限公司,SO-202604-00005,深圳影像制作文化传播有限公司无人机采购项目,,
PR00075,PR-202604-0075,PR-202604-0075-1,PART-ESC-50A-FOC,50A FOC电调,零件,2462,个,2026-04-02,东莞天翼动力系统厂,张敏,MRP-202604-0119,2026-04-01,审批中,10081,深圳影像制作文化传播有限公司,SO-202604-00005,深圳影像制作文化传播有限公司无人机采购项目,,
PR00076,PR-202604-0076,PR-202604-0076-1,PART-PROP-1755-CF,1755碳纤维螺旋桨,零件,2462,副,2026-04-06,惠州天翼电池组装厂,李娜,MRP-202604-0120,2026-04-01,已审批,10081,深圳影像制作文化传播有限公司,SO-202604-00005,深圳影像制作文化传播有限公司无人机采购项目,,
PR00077,PR-202604-0077,PR-202604-0077-1,PART-CABLE-ESC-HD,加强型电调线,零件,2462,根,2026-04-08,东莞天翼动力系统厂,张敏,MRP-202604-0121,2026-04-01,已审批,10081,深圳影像制作文化传播有限公司,SO-202604-00005,深圳影像制作文化传播有限公司无人机采购项目,,
PR00078,PR-202604-0078,PR-202604-0078-1,PART-BAT-6S-10000,6S10000mAh智能电池,零件,760,块,2026-04-10,东莞天翼动力系统厂,张敏,MRP-202604-0122,2026-04-01,已审批,10081,深圳影像制作文化传播有限公司,SO-202604-00005,深圳影像制作文化传播有限公司无人机采购项目,1,2
PR00079,PR-202604-0079,PR-202604-0079-1,PART-PCB-FC-8L,8层飞控PCB板,零件,410,块,2026-04-04,惠州天翼电池组装厂,李娜,MRP-202604-0126,2026-04-01,已审批,10081,深圳影像制作文化传播有限公司,SO-202604-00005,深圳影像制作文化传播有限公司无人机采购项目,1,2
PR00080,PR-202604-0080,PR-202604-0080-1,PART-FPGA-ICE40,ICE40 FPGA,零件,410,颗,2026-04-04,惠州天翼电池组装厂,陈婷,MRP-202604-0127,2026-04-01,已审批,10081,深圳影像制作文化传播有限公司,SO-202604-00005,深圳影像制作文化传播有限公司无人机采购项目,,
PR00081,PR-202604-0081,PR-202604-0081-1,PART-CONN-GH-1.25-10P,GH1.25 10PIN连接器,零件,1520,个,2026-04-04,惠州天翼电池组装厂,王磊,MRP-202604-0128,2026-04-01,已审批,10081,深圳影像制作文化传播有限公司,SO-202604-00005,深圳影像制作文化传播有限公司无人机采购项目,1,3
PR00082,PR-202604-0082,PR-202604-0082-1,RAW-COPPER-WIRE,铜漆包线,原材料,369,千克,2026-04-02,东莞天翼动力系统厂,李娜,MRP-202604-0130,2026-04-01,审批中,10081,深圳影像制作文化传播有限公司,SO-202604-00005,深圳影像制作文化传播有限公司无人机采购项目,,
PR00083,PR-202604-0083,PR-202604-0083-1,RAW-AL-ALLOY,铝合金材料,原材料,616,千克,2026-04-03,深圳天翼无人机总装厂,王磊,MRP-202604-0131,2026-04-01,审批中,10081,深圳影像制作文化传播有限公司,SO-202604-00005,深圳影像制作文化传播有限公司无人机采购项目,1,2
PR00084,PR-202604-0084,PR-202604-0084-1,RAW-LIPO-CELL,锂聚合物电芯,原材料,253,千克,2026-04-03,惠州天翼电池组装厂,李娜,MRP-202604-0132,2026-04-01,审批中,10081,深圳影像制作文化传播有限公司,SO-202604-00005,深圳影像制作文化传播有限公司无人机采购项目,1,2
PR00085,PR-202604-0085,PR-202604-0085-1,PART-MCU-STM32F103,STM32F103控制芯片,零件,380,颗,2026-04-02,深圳天翼无人机总装厂,张敏,MRP-202604-0135,2026-04-01,已审批,10081,深圳影像制作文化传播有限公司,SO-202604-00005,深圳影像制作文化传播有限公司无人机采购项目,,
PR00086,PR-202604-0086,PR-202604-0086-1,RAW-SI-WAFER-12IN,12英寸硅晶圆,原材料,0,片,2026-04-03,惠州天翼电池组装厂,陈婷,MRP-202604-0136,2026-04-01,审批中,10081,深圳影像制作文化传播有限公司,SO-202604-00005,深圳影像制作文化传播有限公司无人机采购项目,,
PR00087,PR-202604-0087,PR-202604-0087-1,RAW-FR4-CCL,FR4覆铜板,原材料,33,平米,2026-04-04,深圳天翼无人机总装厂,张敏,MRP-202604-0137,2026-04-01,审批中,10081,深圳影像制作文化传播有限公司,SO-202604-00005,深圳影像制作文化传播有限公司无人机采购项目,1,3
PR00088,PR-202605-0088,PR-202605-0088-1,PART-CAM-FPV,FPV图传相机,零件,600,个,2026-05-06,东莞天翼动力系统厂,王磊,MRP-202605-0140,2026-05-01,审批中,10005,西安惠农农科科技有限公司,SO-202605-00006,西安惠农农科科技有限公司无人机采购项目,,
PR00089,PR-202605-0089,PR-202605-0089-1,ASSY-PWR-TQ,高扭矩动力系统总成,组件,648,套,2026-05-08,惠州天翼电池组装厂,张敏,MRP-202605-0141,2026-05-01,已审批,10005,西安惠农农科科技有限公司,SO-202605-00006,西安惠农农科科技有限公司无人机采购项目,1,2
PR00090,PR-202605-0090,PR-202605-0090-1,PART-RC-IND,工业遥控器,零件,600,个,2026-05-08,东莞天翼动力系统厂,张敏,MRP-202605-0143,2026-05-01,审批中,10005,西安惠农农科科技有限公司,SO-202605-00006,西安惠农农科科技有限公司无人机采购项目,,
PR00091,PR-202605-0091,PR-202605-0091-1,PART-SPRAYER-16L,16升智能喷洒系统,零件,648,套,2026-05-04,惠州天翼电池组装厂,陈婷,MRP-202605-0144,2026-05-01,审批中,10005,西安惠农农科科技有限公司,SO-202605-00006,西安惠农农科科技有限公司无人机采购项目,1,3
PR00092,PR-202605-0092,PR-202605-0092-1,PART-RADAR-ALT,雷达测高仪,零件,600,个,2026-05-04,惠州天翼电池组装厂,李娜,MRP-202605-0145,2026-05-01,审批中,10005,西安惠农农科科技有限公司,SO-202605-00006,西安惠农农科科技有限公司无人机采购项目,,
PR00093,PR-202605-0093,PR-202605-0093-1,COMP-MOTOR-MOUNT-AL-HD,重载铝合金电机座,部件,2400,个,2026-05-08,东莞天翼动力系统厂,王磊,MRP-202605-0148,2026-05-01,已审批,10005,西安惠农农科科技有限公司,SO-202605-00006,西安惠农农科科技有限公司无人机采购项目,,
PR00094,PR-202605-0094,PR-202605-0094-1,PART-DAMPER-HARD,硬质减震球,零件,2592,个,2026-05-04,惠州天翼电池组装厂,张敏,MRP-202605-0151,2026-05-01,审批中,10005,西安惠农农科科技有限公司,SO-202605-00006,西安惠农农科科技有限公司无人机采购项目,,
PR00095,PR-202605-0095,PR-202605-0095-1,PART-MOTOR-4114-400KV,4114 400KV高扭矩电机,零件,3420,个,2026-05-02,东莞天翼动力系统厂,李娜,MRP-202605-0157,2026-05-01,已审批,10005,西安惠农农科科技有限公司,SO-202605-00006,西安惠农农科科技有限公司无人机采购项目,,
PR00096,PR-202605-0096,PR-202605-0096-1,PART-PROP-1755-CF,1755碳纤维螺旋桨,零件,3888,副,2026-05-10,东莞天翼动力系统厂,张敏,MRP-202605-0159,2026-05-01,已审批,10005,西安惠农农科科技有限公司,SO-202605-00006,西安惠农农科科技有限公司无人机采购项目,1,2
PR00097,PR-202605-0097,PR-202605-0097-1,PART-CABLE-ESC-HD,加强型电调线,零件,3420,根,2026-05-06,深圳天翼无人机总装厂,李娜,MRP-202605-0160,2026-05-01,已审批,10005,西安惠农农科科技有限公司,SO-202605-00006,西安惠农农科科技有限公司无人机采购项目,,
PR00098,PR-202605-0098,PR-202605-0098-1,PART-BAT-6S-10000,6S10000mAh智能电池,零件,1200,块,2026-05-10,东莞天翼动力系统厂,陈婷,MRP-202605-0161,2026-05-01,审批中,10005,西安惠农农科科技有限公司,SO-202605-00006,西安惠农农科科技有限公司无人机采购项目,,
PR00099,PR-202605-0099,PR-202605-0099-1,PART-FPGA-ICE40,ICE40 FPGA,零件,600,颗,2026-05-04,深圳天翼无人机总装厂,王磊,MRP-202605-0166,2026-05-01,已审批,10005,西安惠农农科科技有限公司,SO-202605-00006,西安惠农农科科技有限公司无人机采购项目,,
PR00100,PR-202605-0100,PR-202605-0100-1,PART-CONN-GH-1.25-10P,GH1.25 10PIN连接器,零件,2400,个,2026-05-04,惠州天翼电池组装厂,陈婷,MRP-202605-0167,2026-05-01,审批中,10005,西安惠农农科科技有限公司,SO-202605-00006,西安惠农农科科技有限公司无人机采购项目,,
PR00101,PR-202605-0101,PR-202605-0101-1,RAW-NEODYMIUM,钕铁硼磁性材料,原材料,162,千克,2026-05-10,深圳天翼无人机总装厂,陈婷,MRP-202605-0168,2026-05-01,审批中,10005,西安惠农农科科技有限公司,SO-202605-00006,西安惠农农科科技有限公司无人机采购项目,1,3
PR00102,PR-202605-0102,PR-202605-0102-1,RAW-COPPER-WIRE,铜漆包线,原材料,540,千克,2026-05-06,深圳天翼无人机总装厂,李娜,MRP-202605-0169,2026-05-01,已审批,10005,西安惠农农科科技有限公司,SO-202605-00006,西安惠农农科科技有限公司无人机采购项目,,
PR00103,PR-202605-0103,PR-202605-0103-1,PART-PCB-2L,2层PCB板,零件,600,块,2026-05-06,东莞天翼动力系统厂,张敏,MRP-202605-0172,2026-05-01,已审批,10005,西安惠农农科科技有限公司,SO-202605-00006,西安惠农农科科技有限公司无人机采购项目,,
PR00104,PR-202605-0104,PR-202605-0104-1,PART-MCU-STM32F103,STM32F103控制芯片,零件,570,颗,2026-05-03,东莞天翼动力系统厂,李娜,MRP-202605-0174,2026-05-01,审批中,10005,西安惠农农科科技有限公司,SO-202605-00006,西安惠农农科科技有限公司无人机采购项目,,
PR00105,PR-202605-0105,PR-202605-0105-1,RAW-FR4-CCL,FR4覆铜板,原材料,48,平米,2026-05-02,惠州天翼电池组装厂,李娜,MRP-202605-0176,2026-05-01,已审批,10005,西安惠农农科科技有限公司,SO-202605-00006,西安惠农农科科技有限公司无人机采购项目,1,2
